"STATION","DATE","REPORT_TYPE","SOURCE","HourlyDryBulbTemperature","HourlyPrecipitation","HourlyPresentWeatherType","HourlyRelativeHumidity"
"USW00024127","2026-01-01T00:00:00","SOD",,,,,
"USW00024127","2026-01-01T00:54:00","FM-15","223","0.0",,"|BR |","85"
"USW00024127","2026-01-01T01:54:00","FM-15","223","0.0",,"|BR |","85"
"USW00024127","2026-01-01T02:00:00","FM-12","223","0.0",,"||BR","85"
"USW00024127","2026-01-01T02:54:00","FM-15","223","0.6",,,"82"
"USW00024127","2026-01-01T03:54:00","FM-15","223","0.6",,"|FU |","82"
"USW00024127","2026-01-01T04:54:00","FM-15","223","1.1",,"|FU |","82"
"USW00024127","2026-01-01T05:00:00","FM-12","223","1.1",,"||HZ","82"
"USW00024127","2026-01-01T05:54:00","FM-15","223","1.1",,"|FU |","82"
"USW00024127","2026-01-01T06:54:00","FM-15","223","0.6","0.2","|RA BR |","92"
"USW00024127","2026-01-01T07:54:00","FM-15","223","0.6","0.7","|RA BR |","89"
"USW00024127","2026-01-01T08:00:00","FM-12","223","0.6",,"||RA","89"
"USW00024127","2026-01-01T08:54:00","FM-15","223","1.1","0.7","|RA BR |","89"
"USW00024127","2026-01-01T09:54:00","FM-15","223","1.1","0.2","|RA BR |","92"
"USW00024127","2026-01-01T10:54:00","FM-15","223","1.7","0.2","|RA BR |","93"
"USW00024127","2026-01-01T11:00:00","FM-12","223","1.7",,"||RA","93"
"USW00024127","2026-01-01T11:54:00","FM-15","223","2.8","0.2","|RA BR |","93"
"USW00024127","2026-01-01T12:11:00","FM-16","223","2.2","T","|RA BR |","97"
"USW00024127","2026-01-01T12:26:00","FM-16","223","2.2","T","|RA BR |","93"
"USW00024127","2026-01-01T12:54:00","FM-15","223","2.2","0.2","|RA BR |","97"
"USW00024127","2026-01-01T13:07:00","FM-16","223","2.2","T","|RA BR |","97"
"USW00024127","2026-01-01T13:30:00","FM-16","223","2.2","T","|RA BR |","97"
"USW00024127","2026-01-01T13:41:00","FM-16","223","2.8","T","|RA BR |","93"
"USW00024127","2026-01-01T13:49:00","FM-16","223","3.0","T","|RA BR |","93"
"USW00024127","2026-01-01T13:54:00","FM-15","223","2.8","T","|RA BR |","93"
"USW00024127","2026-01-01T14:00:00","FM-12","223","2.8",,"||RA","93"
"USW00024127","2026-01-01T14:15:00","FM-16","223","2.8","0.2","|RA BR |","93"
"USW00024127","2026-01-01T14:54:00","FM-15","223","2.8","1.0","|RA BR |","93"
"USW00024127","2026-01-01T15:04:00","FM-16","223","2.8","T","|RA BR |","93"
"USW00024127","2026-01-01T15:31:00","FM-16","223","2.8","T","|BR |","93"
"USW00024127","2026-01-01T15:54:00","FM-15","223","2.8","T","|BR |","96"
"USW00024127","2026-01-01T16:24:00","FM-16","223","3.3","T","|RA BR |","93"
"USW00024127","2026-01-01T16:32:00","FM-16","223","3.3","T","|BR |","93"
"USW00024127","2026-01-01T16:54:00","FM-15","223","3.3","T","|BR |","93"
"USW00024127","2026-01-01T16:56:00","FM-16","223","3.3",,"|BR |","93"
"USW00024127","2026-01-01T17:00:00","FM-12","223","3.3",,"||BR","93"
"USW00024127","2026-01-01T17:06:00","FM-16","223","2.8",,"|BR |","96"
"USW00024127","2026-01-01T17:43:00","FM-16","223","2.8","0.2","|RA BR |","96"
"USW00024127","2026-01-01T17:54:00","FM-15","223","2.8","0.2","|BR |","96"
"USW00024127","2026-01-01T18:21:00","FM-16","223","2.8",,"|BR |","96"
"USW00024127","2026-01-01T18:38:00","FM-16","223","2.8",,"|BR |","96"
"USW00024127","2026-01-01T18:52:00","FM-16","223","3.0",,"|BR |","93"
"USW00024127","2026-01-01T18:54:00","FM-15","223","2.8",,"|BR |","96"
"USW00024127","2026-01-01T19:54:00","FM-15","223","2.8",,"|BR |","96"
"USW00024127","2026-01-01T20:00:00","FM-12","223","2.8",,"||BR","96"
"USW00024127","2026-01-01T20:18:00","FM-16","223","2.8",,"|BR |","96"
"USW00024127","2026-01-01T20:54:00","FM-15","223","2.8",,"|BR |","96"
"USW00024127","2026-01-01T21:54:00","FM-15","223","2.8","0.7","|RA BR |","96"
"USW00024127","2026-01-01T22:17:00","FM-16","223","2.8","T","|BR |","96"
"USW00024127","2026-01-01T22:25:00","FM-16","223","2.8","T","|RA BR |","96"
"USW00024127","2026-01-01T22:54:00","FM-15","223","2.2","0.2","|RA BR |","97"
"USW00024127","2026-01-01T23:00:00","FM-12","223","2.2",,"||RA","97"
"USW00024127","2026-01-01T23:12:00","FM-16","223","2.2","0.2","|RA BR |","97"
"USW00024127","2026-01-01T23:33:00","FM-16","223","2.2","0.2","|RA BR |","97"
"USW00024127","2026-01-01T23:43:00","FM-16","223","2.2","0.5","|RA BR |","97"
"USW00024127","2026-01-01T23:54:00","FM-15","223","2.2","0.5","|BR |","97"
"USW00024127","2026-01-02T00:00:00","SOD",,,,,
"USW00024127","2026-01-02T00:43:00","FM-16","223","2.2","T","|RA BR |","97"
"USW00024127","2026-01-02T00:54:00","FM-15","223","2.2","T","|BR |","97"
"USW00024127","2026-01-02T01:54:00","FM-15","223","2.8","T","|RA BR |","96"
"USW00024127","2026-01-02T02:00:00","FM-12","223","2.8",,"||RA","96"
"USW00024127","2026-01-02T02:18:00","FM-16","223","2.8","T","|RA BR |","96"
"USW00024127","2026-01-02T02:40:00","FM-16","223","2.8","0.2","|RA BR |","96"
"USW00024127","2026-01-02T02:54:00","FM-15","223","2.8","0.5","|RA BR |","96"
"USW00024127","2026-01-02T03:54:00","FM-15","223","2.8","0.2","|BR |","100"
"USW00024127","2026-01-02T04:54:00","FM-15","223","3.3","T","|RA BR |","97"
"USW00024127","2026-01-02T05:00:00","FM-12","223","3.3",,"||RA","97"
"USW00024127","2026-01-02T05:25:00","FM-16","223","3.3","T","|BR |","97"
"USW00024127","2026-01-02T05:35:00","FM-16","223","2.8","T","|BR |","96"
"USW00024127","2026-01-02T05:54:00","FM-15","223","3.3","T",,"97"
"USW00024127","2026-01-02T06:14:00","FM-16","223","3.3",,,"97"
"USW00024127","2026-01-02T06:27:00","FM-16","223","3.3",,"|BR |","97"
"USW00024127","2026-01-02T06:54:00","FM-15","223","3.3",,"|BR |","97"
"USW00024127","2026-01-02T07:01:00","FM-16","223","3.3",,"|BR |","97"
"USW00024127","2026-01-02T07:11:00","FM-16","223","3.3",,"|BR |","97"
"USW00024127","2026-01-02T07:35:00","FM-16","223","3.3",,"|BR |","97"
"USW00024127","2026-01-02T07:38:00","FM-16","223","3.3",,"|BR |","97"
"USW00024127","2026-01-02T07:49:00","FM-16","223","3.0","0.2","|RA BR |","100"
"USW00024127","2026-01-02T07:54:00","FM-15","223","3.3","0.2","|RA BR |","100"
"USW00024127","2026-01-02T08:00:00","FM-12","223","3.3",,"||RA","100"
"USW00024127","2026-01-02T08:05:00","FM-16","223","3.3","T","|RA BR |","100"
"USW00024127","2026-01-02T08:20:00","FM-16","223","3.9","0.2","|RA BR |","96"
"USW00024127","2026-01-02T08:31:00","FM-16","223","3.9","0.2","|RA BR |","96"
"USW00024127","2026-01-02T08:54:00","FM-15","223","3.9","0.2","|BR |","100"
"USW00024127","2026-01-02T09:13:00","FM-16","223","4.4","0.2","|RA BR |","97"
"USW00024127","2026-01-02T09:40:00","FM-16","223","4.4","0.5","|RA BR |","97"
"USW00024127","2026-01-02T09:54:00","FM-15","223","4.4","0.5","|BR |","97"
"USW00024127","2026-01-02T10:22:00","FM-16","223","5.0",,"|BR |","96"
"USW00024127","2026-01-02T10:52:00","FM-16","223","5.0",,"|BR |","93"
"USW00024127","2026-01-02T10:54:00","FM-15","223","5.6",,"|BR |","92"
"USW00024127","2026-01-02T11:00:00","FM-12","223","5.6",,"||BR","92"
"USW00024127","2026-01-02T11:27:00","FM-16","223","6.1",,"|BR |","93"
"USW00024127","2026-01-02T11:54:00","FM-15","223","6.1",,,"93"
"USW00024127","2026-01-02T12:54:00","FM-15","223","7.8",,,"83"
"USW00024127","2026-01-02T13:54:00","FM-15","223","8.9",,,"74"
"USW00024127","2026-01-02T14:00:00","FM-12","223","8.9",,,"74"
"USW00024127","2026-01-02T14:54:00","FM-15","223","9.4",,,"66"
"USW00024127","2026-01-02T15:54:00","FM-15","223","9.4",,,"71"
"USW00024127","2026-01-02T16:54:00","FM-15","223","8.9",,,"71"
"USW00024127","2026-01-02T17:00:00","FM-12","223","8.9",,,"71"
"USW00024127","2026-01-02T17:54:00","FM-15","223","7.8",,,"77"
"USW00024127","2026-01-02T18:54:00","FM-15","223","7.2",,,"80"
"USW00024127","2026-01-02T19:54:00","FM-15","223","6.7",,,"83"
"USW00024127","2026-01-02T20:00:00","FM-12","223","6.7",,,"83"
"USW00024127","2026-01-02T20:54:00","FM-15","223","6.1",,,"82"
"USW00024127","2026-01-02T21:54:00","FM-15","223","5.6",,,"85"
"USW00024127","2026-01-02T22:54:00","FM-15","223","5.6",,,"85"
"USW00024127","2026-01-02T23:00:00","FM-12","223","5.6",,,"85"
"USW00024127","2026-01-02T23:54:00","FM-15","223","4.4",,,"89"
"USW00024127","2026-01-03T00:00:00","SOD",,,,,
"USW00024127","2026-01-03T00:54:00","FM-15","223","6.1",,,"80"
"USW00024127","2026-01-03T01:54:00","FM-15","223","5.6",,,"79"
"USW00024127","2026-01-03T02:00:00","FM-12","223","5.6",,,"79"
"USW00024127","2026-01-03T02:54:00","FM-15","223","6.1",,,"76"
"USW00024127","2026-01-03T03:54:00","FM-15","223","6.1",,,"76"
"USW00024127","2026-01-03T04:54:00","FM-15","223","5.6",,,"76"
"USW00024127","2026-01-03T05:00:00","FM-12","223","5.6",,,"76"
"USW00024127","2026-01-03T05:54:00","FM-15","223","6.1",,,"74"
"USW00024127","2026-01-03T06:54:00","FM-15","223","6.1",,,"71"
"USW00024127","2026-01-03T07:54:00","FM-15","223","6.7",,,"68"
"USW00024127","2026-01-03T08:00:00","FM-12","223","6.7",,,"68"
"USW00024127","2026-01-03T08:54:00","FM-15","223","6.7",,,"68"
"USW00024127","2026-01-03T09:54:00","FM-15","223","7.8",,,"63"
"USW00024127","2026-01-03T10:54:00","FM-15","223","8.9",,,"61"
"USW00024127","2026-01-03T11:00:00","FM-12","223","8.9",,,"61"
"USW00024127","2026-01-03T11:54:00","FM-15","223","11.1",,,"53"
"USW00024127","2026-01-03T12:54:00","FM-15","223","11.1",,,"50"
"USW00024127","2026-01-03T14:54:00","FM-15","223","10.6",,,"52"
"USW00024127","2026-01-03T15:54:00","FM-15","223","10.6",,,"52"
"USW00024127","2026-01-03T16:54:00","FM-15","223","10.0",,,"54"
"USW00024127","2026-01-03T17:00:00","FM-12","223","10.0",,,"54"
"USW00024127","2026-01-03T17:54:00","FM-15","223","10.0",,,"52"
"USW00024127","2026-01-03T18:54:00","FM-15","223","9.4",,,"55"
"USW00024127","2026-01-03T19:54:00","FM-15","223","10.0",,,"52"
"USW00024127","2026-01-03T20:00:00","FM-12","223","10.0",,,"52"
"USW00024127","2026-01-03T20:54:00","FM-15","223","11.1",,,"49"
"USW00024127","2026-01-03T21:54:00","FM-15","223","10.0",,,"52"
"USW00024127","2026-01-03T22:54:00","FM-15","223","10.6",,,"52"
"USW00024127","2026-01-03T23:00:00","FM-12","223","10.6",,,"52"
"USW00024127","2026-01-03T23:54:00","FM-15","223","10.6",,,"52"
"USW00024127","2026-01-04T00:00:00","SOD",,,,,
"USW00024127","2026-01-04T00:54:00","FM-15","223","10.6",,,"52"
"USW00024127","2026-01-04T01:54:00","FM-15","223","10.6",,,"52"
"USW00024127","2026-01-04T02:00:00","FM-12","223","10.6",,,"52"
"USW00024127","2026-01-04T02:54:00","FM-15","223","10.6",,,"54"
"USW00024127","2026-01-04T03:54:00","FM-15","223","10.6",,,"54"
"USW00024127","2026-01-04T04:54:00","FM-15","223","10.0",,,"57"
"USW00024127","2026-01-04T05:00:00","FM-12","223","10.0",,,"57"
"USW00024127","2026-01-04T05:54:00","FM-15","223","10.0",,,"57"
"USW00024127","2026-01-04T06:54:00","FM-15","223","10.0",,,"59"
"USW00024127","2026-01-04T07:54:00","FM-15","223","9.4",,,"61"
"USW00024127","2026-01-04T08:00:00","FM-12","223","9.4",,,"61"
"USW00024127","2026-01-04T08:54:00","FM-15","223","10.0",,,"57"
"USW00024127","2026-01-04T09:54:00","FM-15","223","10.6",,,"56"
"USW00024127","2026-01-04T10:54:00","FM-15","223","10.6","T",,"59"
"USW00024127","2026-01-04T11:00:00","FM-12","223","10.6",,,"59"
"USW00024127","2026-01-04T11:54:00","FM-15","223","11.1",,,"57"
"USW00024127","2026-01-04T12:54:00","FM-15","223","11.7",,,"52"
"USW00024127","2026-01-04T13:54:00","FM-15","223","11.7",,,"55"
"USW00024127","2026-01-04T14:00:00","FM-12","223","11.7",,,"55"
"USW00024127","2026-01-04T14:54:00","FM-15","223","11.7",,,"52"
"USW00024127","2026-01-04T15:54:00","FM-15","223","11.1",,,"57"
"USW00024127","2026-01-04T16:54:00","FM-15","223","11.1",,,"59"
"USW00024127","2026-01-04T17:00:00","FM-12","223","11.1",,,"59"
"USW00024127","2026-01-04T17:54:00","FM-15","223","10.6",,,"61"
"USW00024127","2026-01-04T18:54:00","FM-15","223","10.0",,,"59"
"USW00024127","2026-01-04T19:54:00","FM-15","223","6.1","0.7","|RA |","93"
"USW00024127","2026-01-04T20:00:00","FM-12","223","6.1",,"||RA","93"
"USW00024127","2026-01-04T20:54:00","FM-15","223","6.1","0.7","|RA |","97"
"USW00024127","2026-01-04T21:54:00","FM-15","223","6.7","0.2","|RA |","89"
"USW00024127","2026-01-04T22:54:00","FM-15","223","6.1","T",,"93"
"USW00024127","2026-01-04T23:00:00","FM-12","223","6.1",,,"93"
"USW00024127","2026-01-04T23:54:00","FM-15","223","7.2",,,"83"
"USW00024127","2026-01-05T00:00:00","SOD",,,,,
"USW00024127","2026-01-05T00:54:00","FM-15","223","8.9",,,"63"
"USW00024127","2026-01-05T01:54:00","FM-15","223","8.9",,,"61"
"USW00024127","2026-01-05T02:00:00","FM-12","223","8.9",,,"61"
"USW00024127","2026-01-05T02:54:00","FM-15","223","8.9",,,"61"
"USW00024127","2026-01-05T03:54:00","FM-15","223","8.9",,,"58"
"USW00024127","2026-01-05T04:54:00","FM-15","223","7.2",,,"68"
"USW00024127","2026-01-05T05:00:00","FM-12","223","7.2",,,"68"
"USW00024127","2026-01-05T05:54:00","FM-15","223","5.6","0.2",,"85"
"USW00024127","2026-01-05T06:54:00","FM-15","223","6.7","0.2",,"71"
"USW00024127","2026-01-05T07:54:00","FM-15","223","5.6",,,"79"
"USW00024127","2026-01-05T08:00:00","FM-12","223","5.6",,,"79"
"USW00024127","2026-01-05T08:54:00","FM-15","223","5.6",,,"82"
"USW00024127","2026-01-05T09:54:00","FM-15","223","5.0",,,"82"
"USW00024127","2026-01-05T10:54:00","FM-15","223","5.6","T","|RA |","82"
"USW00024127","2026-01-05T11:00:00","FM-12","223","5.6",,"||RA","82"
"USW00024127","2026-01-05T11:54:00","FM-15","223","6.1","T",,"76"
"USW00024127","2026-01-05T12:54:00","FM-15","223","6.7",,,"73"
"USW00024127","2026-01-05T13:54:00","FM-15","223","7.8",,,"61"
"USW00024127","2026-01-05T14:00:00","FM-12","223","7.8",,,"61"
"USW00024127","2026-01-05T14:54:00","FM-15","223","7.8","T",,"66"
"USW00024127","2026-01-05T15:54:00","FM-15","223","6.7",,,"68"
"USW00024127","2026-01-05T16:54:00","FM-15","223","5.6",,,"73"
"USW00024127","2026-01-05T17:00:00","FM-12","223","5.6",,,"73"
"USW00024127","2026-01-05T17:54:00","FM-15","223","3.9",,,"86"
"USW00024127","2026-01-05T18:54:00","FM-15","223","3.9",,,"82"
"USW00024127","2026-01-05T19:54:00","FM-15","223","2.8",,,"86"
"USW00024127","2026-01-05T20:00:00","FM-12","223","2.8",,,"86"
"USW00024127","2026-01-05T20:54:00","FM-15","223","2.8",,,"82"
"USW00024127","2026-01-05T21:54:00","FM-15","223","2.2",,,"79"
"USW00024127","2026-01-05T22:54:00","FM-15","223","2.8",,,"76"
"USW00024127","2026-01-05T23:00:00","FM-12","223","2.8",,,"76"
"USW00024127","2026-01-05T23:54:00","FM-15","223","3.9",,,"73"
"USW00024127","2026-01-06T00:00:00","SOD",,,,,
"USW00024127","2026-01-06T00:54:00","FM-15","223","3.3",,,"79"
"USW00024127","2026-01-06T01:54:00","FM-15","223","2.8",,,"79"
"USW00024127","2026-01-06T02:00:00","FM-12","223","2.8",,,"79"
"USW00024127","2026-01-06T02:54:00","FM-15","223","2.2",,,"82"
"USW00024127","2026-01-06T03:54:00","FM-15","223","1.7",,,"82"
"USW00024127","2026-01-06T04:54:00","FM-15","223","2.2",,,"79"
"USW00024127","2026-01-06T05:00:00","FM-12","223","2.2",,,"79"
"USW00024127","2026-01-06T05:54:00","FM-15","223","1.7",,,"82"
"USW00024127","2026-01-06T06:54:00","FM-15","223","1.7",,,"78"
"USW00024127","2026-01-06T07:54:00","FM-15","223","1.7",,,"78"
"USW00024127","2026-01-06T08:00:00","FM-12","223","1.7",,,"78"
"USW00024127","2026-01-06T08:54:00","FM-15","223","3.3",,,"73"
"USW00024127","2026-01-06T09:54:00","FM-15","223","5.0",,,"67"
"USW00024127","2026-01-06T10:54:00","FM-15","223","7.2",,,"58"
"USW00024127","2026-01-06T11:00:00","FM-12","223","7.2",,,"58"
"USW00024127","2026-01-06T11:54:00","FM-15","223","8.9",,,"50"
"USW00024127","2026-01-06T12:54:00","FM-15","223","9.4",,,"48"
"USW00024127","2026-01-06T13:54:00","FM-15","223","10.0",,,"46"
"USW00024127","2026-01-06T14:00:00","FM-12","223","10.0",,,"46"
"USW00024127","2026-01-06T16:54:00","FM-15","223","9.4",,,"46"
"USW00024127","2026-01-06T17:00:00","FM-12","223","9.4",,,"46"
"USW00024127","2026-01-06T17:54:00","FM-15","223","7.2",,,"54"
"USW00024127","2026-01-06T18:54:00","FM-15","223","6.7",,,"58"
"USW00024127","2026-01-06T19:54:00","FM-15","223","5.0",,,"65"
"USW00024127","2026-01-06T20:00:00","FM-12","223","5.0",,,"65"
"USW00024127","2026-01-06T20:54:00","FM-15","223","3.9",,,"67"
"USW00024127","2026-01-06T21:54:00","FM-15","223","4.4",,,"65"
"USW00024127","2026-01-06T22:54:00","FM-15","223","3.3",,,"68"
"USW00024127","2026-01-06T23:00:00","FM-12","223","3.3",,,"68"
"USW00024127","2026-01-06T23:54:00","FM-15","223","3.3",,,"68"
"USW00024127","2026-01-07T00:00:00","SOD",,,,,
"USW00024127","2026-01-07T00:54:00","FM-15","223","2.8",,,"70"
"USW00024127","2026-01-07T01:54:00","FM-15","223","2.2",,,"73"
"USW00024127","2026-01-07T02:00:00","FM-12","223","2.2",,,"73"
"USW00024127","2026-01-07T02:54:00","FM-15","223","2.2",,,"73"
"USW00024127","2026-01-07T03:54:00","FM-15","223","3.9",,,"65"
"USW00024127","2026-01-07T04:54:00","FM-15","223","3.9",,,"62"
"USW00024127","2026-01-07T05:00:00","FM-12","223","3.9",,,"62"
"USW00024127","2026-01-07T05:54:00","FM-15","223","3.3",,,"65"
"USW00024127","2026-01-07T06:54:00","FM-15","223","2.8",,,"70"
"USW00024127","2026-01-07T07:54:00","FM-15","223","2.8",,,"67"
"USW00024127","2026-01-07T08:00:00","FM-12","223","2.8",,,"67"
"USW00024127","2026-01-07T08:54:00","FM-15","223","2.2",,,"73"
"USW00024127","2026-01-07T09:54:00","FM-15","223","6.1",,,"58"
"USW00024127","2026-01-07T10:54:00","FM-15","223","7.8",,,"51"
"USW00024127","2026-01-07T11:00:00","FM-12","223","7.8",,,"51"
"USW00024127","2026-01-07T11:54:00","FM-15","223","7.8",,,"51"
"USW00024127","2026-01-07T12:54:00","FM-15","223","7.8",,,"51"
"USW00024127","2026-01-07T13:54:00","FM-15","223","6.7","T","|RA |","60"
"USW00024127","2026-01-07T14:00:00","FM-12","223","6.7",,"||RA","60"
"USW00024127","2026-01-07T14:54:00","FM-15","223","7.2","0.2",,"61"
"USW00024127","2026-01-07T15:54:00","FM-15","223","6.1",,,"74"
"USW00024127","2026-01-07T16:54:00","FM-15","223","5.6",,,"68"
"USW00024127","2026-01-07T17:00:00","FM-12","223","5.6",,,"68"
"USW00024127","2026-01-07T17:54:00","FM-15","223","4.4",,,"77"
"USW00024127","2026-01-07T18:54:00","FM-15","223","3.9",,,"79"
"USW00024127","2026-01-07T19:43:00","FM-16","223","3.3","T","|RA |","86"
"USW00024127","2026-01-07T19:54:00","FM-15","223","3.9","T",,"79"
"USW00024127","2026-01-07T20:00:00","FM-12","223","3.9",,,"79"
"USW00024127","2026-01-07T20:54:00","FM-15","223","3.9",,,"82"
"USW00024127","2026-01-07T21:54:00","FM-15","223","3.3",,,"83"
"USW00024127","2026-01-07T22:54:00","FM-15","223","3.3",,,"83"
"USW00024127","2026-01-07T23:00:00","FM-12","223","3.3",,,"83"
"USW00024127","2026-01-07T23:54:00","FM-15","223","3.3",,,"86"
"USW00024127","2026-01-08T00:00:00","SOD",,,,,
"USW00024127","2026-01-08T00:54:00","FM-15","223","3.3","T",,"83"
"USW00024127","2026-01-08T01:54:00","FM-15","223","2.8","T",,"82"
"USW00024127","2026-01-08T02:00:00","FM-12","223","2.8",,,"82"
"USW00024127","2026-01-08T02:19:00","FM-16","223","1.7","T","|SN |","89"
"USW00024127","2026-01-08T02:26:00","FM-16","223","1.7","T","|RA |","93"
"USW00024127","2026-01-08T02:54:00","FM-15","223","1.7","0.2","|RA |","89"
"USW00024127","2026-01-08T03:01:00","FM-16","223","1.7","T","|RA |","89"
"USW00024127","2026-01-08T03:20:00","FM-16","223","1.7","T",,"93"
"USW00024127","2026-01-08T03:34:00","FM-16","223","1.7","T",,"89"
"USW00024127","2026-01-08T03:54:00","FM-15","223","1.1","T","|RA |","92"
"USW00024127","2026-01-08T04:54:00","FM-15","223","1.7","0.2",,"89"
"USW00024127","2026-01-08T05:00:00","FM-12","223","1.7",,,"89"
"USW00024127","2026-01-08T05:54:00","FM-15","223","1.7",,,"89"
"USW00024127","2026-01-08T06:54:00","FM-15","223","1.1",,,"92"
"USW00024127","2026-01-08T07:54:00","FM-15","223","1.1",,,"92"
"USW00024127","2026-01-08T08:00:00","FM-12","223","1.1",,,"92"
"USW00024127","2026-01-08T08:54:00","FM-15","223","1.1",,,"92"
"USW00024127","2026-01-08T09:54:00","FM-15","223","3.3",,,"76"
"USW00024127","2026-01-08T10:36:00","FM-16","223","3.3","T","|RA |","76"
"USW00024127","2026-01-08T10:51:00","FM-16","223","2.0","T","|HAIL |","81"
"USW00024127","2026-01-08T10:54:00","FM-15","223","1.7","T","|HAIL |","85"
"USW00024127","2026-01-08T11:00:00","FM-12","223","1.7",,,"85"
"USW00024127","2026-01-08T11:06:00","FM-16","223","1.7","0.2",,"85"
"USW00024127","2026-01-08T11:42:00","FM-16","223","2.8","0.2","|SN |","76"
"USW00024127","2026-01-08T11:54:00","FM-15","223","2.2","0.2",,"82"
"USW00024127","2026-01-08T12:54:00","FM-15","223","1.7",,,"78"
"USW00024127","2026-01-08T13:10:00","FM-16","223","1.1",,,"79"
"USW00024127","2026-01-08T13:48:00","FM-16","223","1.0",,,"75"
"USW00024127","2026-01-08T14:54:00","FM-15","223","0.6","T","|SN |","66"
"USW00024127","2026-01-08T15:54:00","FM-15","223","0.6","T",,"58"
"USW00024127","2026-01-08T16:54:00","FM-15","223","0.6",,,"58"
"USW00024127","2026-01-08T17:00:00","FM-12","223","0.6",,,"58"
"USW00024127","2026-01-08T17:54:00","FM-15","223","0.0",,,"61"
"USW00024127","2026-01-08T18:54:00","FM-15","223","-0.6",,,"61"
"USW00024127","2026-01-08T19:54:00","FM-15","223","-0.6",,,"64"
"USW00024127","2026-01-08T20:00:00","FM-12","223","-0.6",,,"64"
"USW00024127","2026-01-08T20:54:00","FM-15","223","-1.1",,,"69"
"USW00024127","2026-01-08T21:54:00","FM-15","223","-1.1",,,"66"
"USW00024127","2026-01-08T22:54:00","FM-15","223","-1.1",,,"56"
"USW00024127","2026-01-08T23:00:00","FM-12","223","-1.1",,,"56"
"USW00024127","2026-01-08T23:54:00","FM-15","223","-1.7",,,"69"
"USW00024127","2026-01-09T00:00:00","SOD",,,,,
"USW00024127","2026-01-09T00:54:00","FM-15","223","-1.7",,,"66"
"USW00024127","2026-01-09T01:54:00","FM-15","223","-2.2",,,"72"
"USW00024127","2026-01-09T02:00:00","FM-12","223","-2.2",,,"72"
"USW00024127","2026-01-09T02:54:00","FM-15","223","-2.2",,,"63"
"USW00024127","2026-01-09T03:54:00","FM-15","223","-1.7",,,"54"
"USW00024127","2026-01-09T04:54:00","FM-15","223","-2.8",,,"63"
"USW00024127","2026-01-09T05:00:00","FM-12","223","-2.8",,,"63"
"USW00024127","2026-01-09T05:54:00","FM-15","223","-4.4",,,"75"
"USW00024127","2026-01-09T06:54:00","FM-15","223","-4.4",,,"75"
"USW00024127","2026-01-09T07:54:00","FM-15","223","-3.9",,,"66"
"USW00024127","2026-01-09T08:00:00","FM-12","223","-3.9",,,"66"
"USW00024127","2026-01-09T08:54:00","FM-15","223","-2.8",,,"61"
"USW00024127","2026-01-09T09:54:00","FM-15","223","-2.2",,,"58"
"USW00024127","2026-01-09T10:54:00","FM-15","223","-1.1",,,"51"
"USW00024127","2026-01-09T11:00:00","FM-12","223","-1.1",,,"51"
"USW00024127","2026-01-09T11:54:00","FM-15","223","0.0",,,"45"
"USW00024127","2026-01-09T12:54:00","FM-15","223","0.6",,,"45"
"USW00024127","2026-01-09T13:54:00","FM-15","223","0.6",,,"47"
"USW00024127","2026-01-09T14:00:00","FM-12","223","0.6",,,"47"
"USW00024127","2026-01-09T14:54:00","FM-15","223","0.0",,,"50"
"USW00024127","2026-01-09T15:54:00","FM-15","223","0.0",,,"54"
"USW00024127","2026-01-09T16:54:00","FM-15","223","-0.6",,,"54"
"USW00024127","2026-01-09T17:00:00","FM-12","223","-0.6",,,"54"
"USW00024127","2026-01-09T17:54:00","FM-15","223","-1.7",,,"69"
"USW00024127","2026-01-09T18:54:00","FM-15","223","-2.2",,,"72"
"USW00024127","2026-01-09T19:54:00","FM-15","223","-1.7",,,"69"
"USW00024127","2026-01-09T20:00:00","FM-12","223","-1.7",,,"69"
"USW00024127","2026-01-09T20:54:00","FM-15","223","-1.7",,,"69"
"USW00024127","2026-01-09T21:54:00","FM-15","223","-1.7",,,"66"
"USW00024127","2026-01-09T22:54:00","FM-15","223","-2.2",,,"63"
"USW00024127","2026-01-09T23:00:00","FM-12","223","-2.2",,,"63"
"USW00024127","2026-01-09T23:54:00","FM-15","223","-2.2",,,"60"
"USW00024127","2026-01-10T00:00:00","SOD",,,,,
"USW00024127","2026-01-10T00:54:00","FM-15","223","-2.2",,,"60"
"USW00024127","2026-01-10T01:54:00","FM-15","223","-2.2",,,"60"
"USW00024127","2026-01-10T02:00:00","FM-12","223","-2.2",,,"60"
"USW00024127","2026-01-10T02:54:00","FM-15","223","-1.7",,,"56"
"USW00024127","2026-01-10T03:54:00","FM-15","223","-1.7",,,"58"
"USW00024127","2026-01-10T04:54:00","FM-15","223","-1.7",,,"58"
"USW00024127","2026-01-10T05:00:00","FM-12","223","-1.7",,,"58"
"USW00024127","2026-01-10T05:54:00","FM-15","223","-1.7",,,"66"
"USW00024127","2026-01-10T06:54:00","FM-15","223","-1.7",,,"63"
"USW00024127","2026-01-10T07:54:00","FM-15","223","-2.2",,,"66"
"USW00024127","2026-01-10T08:00:00","FM-12","223","-2.2",,,"66"
"USW00024127","2026-01-10T08:54:00","FM-15","223","-1.7",,,"61"
"USW00024127","2026-01-10T09:54:00","FM-15","223","0.0",,,"59"
"USW00024127","2026-01-10T10:54:00","FM-15","223","1.1",,,"52"
"USW00024127","2026-01-10T11:00:00","FM-12","223","1.1",,,"52"
"USW00024127","2026-01-10T11:54:00","FM-15","223","1.7",,,"48"
"USW00024127","2026-01-10T12:54:00","FM-15","223","2.8",,,"44"
"USW00024127","2026-01-10T13:54:00","FM-15","223","3.3",,,"46"
"USW00024127","2026-01-10T14:00:00","FM-12","223","3.3",,,"46"
"USW00024127","2026-01-10T14:54:00","FM-15","223","3.3",,,"51"
"USW00024127","2026-01-10T15:54:00","FM-15","223","2.8",,,"48"
"USW00024127","2026-01-10T16:54:00","FM-15","223","2.2",,,"55"
"USW00024127","2026-01-10T17:00:00","FM-12","223","2.2",,,"55"
"USW00024127","2026-01-10T17:54:00","FM-15","223","0.0",,,"66"
"USW00024127","2026-01-10T18:54:00","FM-15","223","-1.1",,,"79"
"USW00024127","2026-01-10T19:54:00","FM-15","223","-1.7",,,"82"
"USW00024127","2026-01-10T20:00:00","FM-12","223","-1.7",,,"82"
"USW00024127","2026-01-10T20:54:00","FM-15","223","-1.1",,,"79"
"USW00024127","2026-01-10T21:54:00","FM-15","223","-1.7",,,"82"
"USW00024127","2026-01-10T22:54:00","FM-15","223","-2.8",,,"89"
"USW00024127","2026-01-10T23:00:00","FM-12","223","-2.8",,,"89"
"USW00024127","2026-01-10T23:54:00","FM-15","223","-2.8",,,"81"
"USW00024127","2026-01-11T00:00:00","SOD",,,,,
"USW00024127","2026-01-11T00:54:00","FM-15","223","-3.3",,,"81"
"USW00024127","2026-01-11T01:54:00","FM-15","223","-3.3",,,"78"
"USW00024127","2026-01-11T02:00:00","FM-12","223","-3.3",,,"78"
"USW00024127","2026-01-11T02:54:00","FM-15","223","-3.3",,,"78"
"USW00024127","2026-01-11T03:54:00","FM-15","223","-3.9",,,"81"
"USW00024127","2026-01-11T04:54:00","FM-15","223","-3.9",,,"85"
"USW00024127","2026-01-11T05:00:00","FM-12","223","-3.9",,,"85"
"USW00024127","2026-01-11T05:54:00","FM-15","223","-3.3",,,"78"
"USW00024127","2026-01-11T06:54:00","FM-15","223","-2.8",,,"75"
"USW00024127","2026-01-11T07:54:00","FM-15","223","-3.3",,,"78"
"USW00024127","2026-01-11T08:00:00","FM-12","223","-3.3",,,"78"
"USW00024127","2026-01-11T08:54:00","FM-15","223","-2.2",,,"78"
"USW00024127","2026-01-11T09:54:00","FM-15","223","-1.7",,,"72"
"USW00024127","2026-01-11T10:54:00","FM-15","223","-0.6",,,"67"
"USW00024127","2026-01-11T11:00:00","FM-12","223","-0.6",,,"67"
"USW00024127","2026-01-11T11:54:00","FM-15","223","1.1",,,"64"
"USW00024127","2026-01-11T12:54:00","FM-15","223","2.8",,,"57"
"USW00024127","2026-01-11T13:54:00","FM-15","223","3.3",,,"55"
"USW00024127","2026-01-11T14:00:00","FM-12","223","3.3",,,"55"
"USW00024127","2026-01-11T14:54:00","FM-15","223","3.9",,,"53"
"USW00024127","2026-01-11T15:54:00","FM-15","223","3.3",,,"57"
"USW00024127","2026-01-11T16:54:00","FM-15","223","2.8",,,"62"
"USW00024127","2026-01-11T17:00:00","FM-12","223","2.8",,,"62"
"USW00024127","2026-01-11T17:54:00","FM-15","223","1.1",,,"70"
"USW00024127","2026-01-11T18:54:00","FM-15","223","0.0",,,"79"
"USW00024127","2026-01-11T19:54:00","FM-15","223","0.0",,,"79"
"USW00024127","2026-01-11T20:00:00","FM-12","223","0.0",,,"79"
"USW00024127","2026-01-11T20:54:00","FM-15","223","-1.7",,,"85"
"USW00024127","2026-01-11T21:54:00","FM-15","223","-1.7",,,"85"
"USW00024127","2026-01-11T22:54:00","FM-15","223","-1.7",,,"82"
"USW00024127","2026-01-11T23:00:00","FM-12","223","-1.7",,,"82"
"USW00024127","2026-01-11T23:54:00","FM-15","223","-2.2",,,"85"
"USW00024127","2026-01-12T00:00:00","SOD",,,,,
"USW00024127","2026-01-12T00:54:00","FM-15","223","-2.8",,,"85"
"USW00024127","2026-01-12T01:54:00","FM-15","223","-2.8",,,"85"
"USW00024127","2026-01-12T02:00:00","FM-12","223","-2.8",,,"85"
"USW00024127","2026-01-12T02:54:00","FM-15","223","-3.9",,,"85"
"USW00024127","2026-01-12T03:54:00","FM-15","223","-3.9",,,"88"
"USW00024127","2026-01-12T04:54:00","FM-15","223","-3.9",,,"92"
"USW00024127","2026-01-12T05:00:00","FM-12","223","-3.9",,,"92"
"USW00024127","2026-01-12T05:54:00","FM-15","223","-3.9",,,"88"
"USW00024127","2026-01-12T06:54:00","FM-15","223","-3.9",,,"88"
"USW00024127","2026-01-12T07:54:00","FM-15","223","-4.4",,"|BR |","88"
"USW00024127","2026-01-12T08:00:00","FM-12","223","-4.4",,"||BR","88"
"USW00024127","2026-01-12T08:54:00","FM-15","223","-2.8",,"|FU |","81"
"USW00024127","2026-01-12T09:54:00","FM-15","223","-1.1",,"|FU |","79"
"USW00024127","2026-01-12T10:54:00","FM-15","223","0.6",,"|FU |","72"
"USW00024127","2026-01-12T11:00:00","FM-12","223","0.6",,"||HZ","72"
"USW00024127","2026-01-12T11:54:00","FM-15","223","2.2",,"|FU |","64"
"USW00024127","2026-01-12T12:54:00","FM-15","223","3.3",,"|FU |","65"
"USW00024127","2026-01-12T13:54:00","FM-15","223","4.4",,,"63"
"USW00024127","2026-01-12T14:00:00","FM-12","223","4.4",,,"63"
"USW00024127","2026-01-12T14:54:00","FM-15","223","4.4",,,"60"
"USW00024127","2026-01-12T15:54:00","FM-15","223","3.9",,,"62"
"USW00024127","2026-01-12T16:54:00","FM-15","223","3.3",,,"65"
"USW00024127","2026-01-12T17:00:00","FM-12","223","3.3",,,"65"
"USW00024127","2026-01-12T17:54:00","FM-15","223","1.7",,,"82"
"USW00024127","2026-01-12T18:54:00","FM-15","223","1.1",,,"82"
"USW00024127","2026-01-12T19:54:00","FM-15","223","0.0",,"|BR |","85"
"USW00024127","2026-01-12T20:00:00","FM-12","223","0.0",,"||BR","85"
"USW00024127","2026-01-12T20:54:00","FM-15","223","-0.6",,"|BR |","92"
"USW00024127","2026-01-12T21:54:00","FM-15","223","-0.6",,"|BR |","89"
"USW00024127","2026-01-12T22:54:00","FM-15","223","-1.7",,"|BR |","89"
"USW00024127","2026-01-12T23:00:00","FM-12","223","-1.7",,"||BR","89"
"USW00024127","2026-01-12T23:54:00","FM-15","223","-2.2",,,"88"
"USW00024127","2026-01-13T00:00:00","SOD",,,,,
"USW00024127","2026-01-13T00:54:00","FM-15","223","-2.2",,"|BR |","88"
"USW00024127","2026-01-13T01:54:00","FM-15","223","-1.7",,"|BR |","89"
"USW00024127","2026-01-13T02:00:00","FM-12","223","-1.7",,"||BR","89"
"USW00024127","2026-01-13T02:54:00","FM-15","223","-2.2",,"|BR |","92"
"USW00024127","2026-01-13T03:54:00","FM-15","223","-2.8",,"|BR |","92"
"USW00024127","2026-01-13T04:54:00","FM-15","223","-2.2",,"|BR |","88"
"USW00024127","2026-01-13T05:00:00","FM-12","223","-2.2",,"||BR","88"
"USW00024127","2026-01-13T05:54:00","FM-15","223","-2.2",,"|BR |","88"
"USW00024127","2026-01-13T06:54:00","FM-15","223","-1.7",,"|BR |","89"
"USW00024127","2026-01-13T07:54:00","FM-15","223","-2.2",,"|BR |","88"
"USW00024127","2026-01-13T08:00:00","FM-12","223","-2.2",,"||BR","88"
"USW00024127","2026-01-13T08:54:00","FM-15","223","-1.7",,"|BR |","85"
"USW00024127","2026-01-13T09:54:00","FM-15","223","0.6",,"|FU |","82"
"USW00024127","2026-01-13T10:54:00","FM-15","223","2.2",,"|FU |","73"
"USW00024127","2026-01-13T11:00:00","FM-12","223","2.2",,"||HZ","73"
"USW00024127","2026-01-13T11:54:00","FM-15","223","3.9",,"|FU |","65"
"USW00024127","2026-01-13T12:54:00","FM-15","223","4.4",,"|FU |","68"
"USW00024127","2026-01-13T13:54:00","FM-15","223","5.6",,"|FU |","60"
"USW00024127","2026-01-13T14:00:00","FM-12","223","5.6",,"||HZ","60"
"USW00024127","2026-01-13T14:54:00","FM-15","223","6.1",,,"60"
"USW00024127","2026-01-13T15:54:00","FM-15","223","5.0",,,"65"
"USW00024127","2026-01-13T16:54:00","FM-15","223","4.4",,,"70"
"USW00024127","2026-01-13T17:00:00","FM-12","223","4.4",,,"70"
"USW00024127","2026-01-13T17:54:00","FM-15","223","2.8",,"|FU |","82"
"USW00024127","2026-01-13T18:54:00","FM-15","223","1.7",,"|BR |","85"
"USW00024127","2026-01-13T18:56:00","FM-15","223","1.7",,"|FU |","85"
"USW00024127","2026-01-13T19:54:00","FM-15","223","1.1",,,"89"
"USW00024127","2026-01-13T20:00:00","FM-12","223","1.1",,,"89"
"USW00024127","2026-01-13T20:54:00","FM-15","223","0.6",,,"85"
"USW00024127","2026-01-13T21:54:00","FM-15","223","0.0",,"|FU |","88"
"USW00024127","2026-01-13T22:54:00","FM-15","223","0.0",,"|FU |","88"
"USW00024127","2026-01-13T23:00:00","FM-12","223","0.0",,"||HZ","88"
"USW00024127","2026-01-13T23:54:00","FM-15","223","-1.1",,"|BR |","92"
"USW00024127","2026-01-14T00:00:00","SOD",,,,,
"USW00024127","2026-01-14T00:54:00","FM-15","223","-1.7",,"|BR |","92"
"USW00024127","2026-01-14T01:54:00","FM-15","223","-1.1",,"|BR |","92"
"USW00024127","2026-01-14T02:00:00","FM-12","223","-1.1",,"||BR","92"
"USW00024127","2026-01-14T02:54:00","FM-15","223","-2.2",,"|BR |","96"
"USW00024127","2026-01-14T03:54:00","FM-15","223","-2.2",,"|BR |","96"
"USW00024127","2026-01-14T04:54:00","FM-15","223","-2.8",,"|BR |","92"
"USW00024127","2026-01-14T05:00:00","FM-12","223","-2.8",,"||BR","92"
"USW00024127","2026-01-14T05:54:00","FM-15","223","-2.2",,"|BR |","88"
"USW00024127","2026-01-14T06:54:00","FM-15","223","-2.2",,"|BR |","88"
"USW00024127","2026-01-14T07:54:00","FM-15","223","-2.8",,"|BR |","92"
"USW00024127","2026-01-14T08:00:00","FM-12","223","-2.8",,"||BR","92"
"USW00024127","2026-01-14T08:54:00","FM-15","223","-1.1",,"|BR |","88"
"USW00024127","2026-01-14T09:54:00","FM-15","223","0.6",,"|FU |","78"
"USW00024127","2026-01-14T10:54:00","FM-15","223","2.8",,"|FU |","67"
"USW00024127","2026-01-14T11:00:00","FM-12","223","2.8",,"||HZ","67"
"USW00024127","2026-01-14T11:54:00","FM-15","223","3.9",,"|FU |","70"
"USW00024127","2026-01-14T12:54:00","FM-15","223","5.0",,"|FU |","67"
"USW00024127","2026-01-14T13:54:00","FM-15","223","6.1",,"|FU |","60"
"USW00024127","2026-01-14T14:00:00","FM-12","223","6.1",,"||HZ","60"
"USW00024127","2026-01-14T14:54:00","FM-15","223","6.7",,"|FU |","60"
"USW00024127","2026-01-14T15:54:00","FM-15","223","7.2",,"|FU |","54"
"USW00024127","2026-01-14T16:54:00","FM-15","223","5.0",,"|FU |","65"
"USW00024127","2026-01-14T17:00:00","FM-12","223","5.0",,"||HZ","65"
"USW00024127","2026-01-14T17:54:00","FM-15","223","3.3",,,"76"
"USW00024127","2026-01-14T18:54:00","FM-15","223","0.6",,"|BR |","89"
"USW00024127","2026-01-14T19:54:00","FM-15","223","2.2",,"|FU |","79"
"USW00024127","2026-01-14T20:00:00","FM-12","223","2.2",,"||HZ","79"
"USW00024127","2026-01-14T20:54:00","FM-15","223","1.1",,"|BR |","85"
"USW00024127","2026-01-14T21:54:00","FM-15","223","1.7",,"|FU |","82"
"USW00024127","2026-01-14T22:54:00","FM-15","223","0.6",,"|FU |","82"
"USW00024127","2026-01-14T23:00:00","FM-12","223","0.6",,"||HZ","82"
"USW00024127","2026-01-14T23:54:00","FM-15","223","-0.6",,"|FU |","82"
"USW00024127","2026-01-15T00:00:00","SOD",,,,,
"USW00024127","2026-01-15T00:54:00","FM-15","223","-2.2",,"|BR |","88"
"USW00024127","2026-01-15T01:54:00","FM-15","223","-1.7",,"|BR |","89"
"USW00024127","2026-01-15T02:00:00","FM-12","223","-1.7",,"||BR","89"
"USW00024127","2026-01-15T02:54:00","FM-15","223","-1.7",,"|BR |","89"
"USW00024127","2026-01-15T03:54:00","FM-15","223","-1.7",,"|BR |","85"
"USW00024127","2026-01-15T04:54:00","FM-15","223","-2.2",,"|BR |","88"
"USW00024127","2026-01-15T05:00:00","FM-12","223","-2.2",,"||BR","88"
"USW00024127","2026-01-15T05:54:00","FM-15","223","-2.8",,"|BR |","89"
"USW00024127","2026-01-15T06:54:00","FM-15","223","-2.8",,"|BR |","89"
"USW00024127","2026-01-15T07:54:00","FM-15","223","-2.8",,"|BR |","89"
"USW00024127","2026-01-15T08:00:00","FM-12","223","-2.8",,"||BR","89"
"USW00024127","2026-01-15T08:54:00","FM-15","223","-1.1",,"|BR |","85"
"USW00024127","2026-01-15T09:54:00","FM-15","223","0.6",,"|FU |","82"
"USW00024127","2026-01-15T10:54:00","FM-15","223","2.8",,"|FU |","67"
"USW00024127","2026-01-15T11:00:00","FM-12","223","2.8",,"||HZ","67"
"USW00024127","2026-01-15T11:54:00","FM-15","223","3.9",,"|FU |","67"
"USW00024127","2026-01-15T12:54:00","FM-15","223","5.0",,"|FU |","65"
"USW00024127","2026-01-15T13:54:00","FM-15","223","6.7",,"|FU |","58"
"USW00024127","2026-01-15T14:00:00","FM-12","223","6.7",,"||HZ","58"
"USW00024127","2026-01-15T14:54:00","FM-15","223","6.7",,,"51"
"USW00024127","2026-01-15T15:54:00","FM-15","223","6.7",,,"53"
"USW00024127","2026-01-15T16:54:00","FM-15","223","4.4",,,"70"
"USW00024127","2026-01-15T17:00:00","FM-12","223","4.4",,,"70"
"USW00024127","2026-01-15T17:54:00","FM-15","223","2.2",,,"79"
"USW00024127","2026-01-15T18:54:00","FM-15","223","1.1",,,"85"
"USW00024127","2026-01-15T19:54:00","FM-15","223","1.1",,"|BR |","85"
"USW00024127","2026-01-15T20:00:00","FM-12","223","1.1",,"||BR","85"
"USW00024127","2026-01-15T20:54:00","FM-15","223","0.6",,"|BR |","85"
"USW00024127","2026-01-15T21:54:00","FM-15","223","0.6",,"|BR |","89"
"USW00024127","2026-01-15T22:54:00","FM-15","223","-0.6",,"|BR |","92"
"USW00024127","2026-01-15T23:00:00","FM-12","223","-0.6",,"||BR","92"
"USW00024127","2026-01-15T23:54:00","FM-15","223","-1.1",,"|BR |","92"
"USW00024127","2026-01-16T00:00:00","SOD",,,,,
"USW00024127","2026-01-16T00:54:00","FM-15","223","-1.1",,"|BR |","92"
"USW00024127","2026-01-16T01:54:00","FM-15","223","-2.2",,"|BR |","92"
"USW00024127","2026-01-16T02:00:00","FM-12","223","-2.2",,"||BR","92"
"USW00024127","2026-01-16T02:54:00","FM-15","223","-2.2",,"|BR |","88"
"USW00024127","2026-01-16T03:54:00","FM-15","223","-2.8",,"|BR |","92"
"USW00024127","2026-01-16T04:54:00","FM-15","223","-2.8",,"|BR |","89"
"USW00024127","2026-01-16T05:00:00","FM-12","223","-2.8",,"||BR","89"
"USW00024127","2026-01-16T05:54:00","FM-15","223","-3.3",,"|BR |","92"
"USW00024127","2026-01-16T06:54:00","FM-15","223","-2.8",,"|BR |","89"
"USW00024127","2026-01-16T07:24:00","FM-16","223","-2.8",,"|BR |","89"
"USW00024127","2026-01-16T07:54:00","FM-15","223","-3.3",,"|BR FG |","88"
"USW00024127","2026-01-16T08:00:00","FM-12","223","-3.3",,"||BR","88"
"USW00024127","2026-01-16T08:10:00","FM-16","223","-2.8",,"|BR |","85"
"USW00024127","2026-01-16T08:19:00","FM-16","223","-2.8",,"|BR |","85"
"USW00024127","2026-01-16T08:43:00","FM-16","223","-2.2",,"|BR |","85"
"USW00024127","2026-01-16T08:48:00","FM-16","223","-2.0",,"|BR |","86"
"USW00024127","2026-01-16T08:54:00","FM-15","223","-2.2",,"|FG |","85"
"USW00024127","2026-01-16T09:49:00","FM-16","223","-2.0",,"|FG |","93"
"USW00024127","2026-01-16T09:54:00","FM-15","223","-1.7",,"|FG |","89"
"USW00024127","2026-01-16T10:37:00","FM-16","223","-1.1",,"|FG |","92"
"USW00024127","2026-01-16T10:54:00","FM-15","223","-1.1",,"|FG |","96"
"USW00024127","2026-01-16T11:00:00","FM-12","223","-1.1",,"||FG","96"
"USW00024127","2026-01-16T11:09:00","FM-16","223","-0.6",,"|FG |","96"
"USW00024127","2026-01-16T11:30:00","FM-16","223","-0.6",,"|BR |","96"
"USW00024127","2026-01-16T11:50:00","FM-16","223","0.0",,"|BR |","93"
"USW00024127","2026-01-16T11:54:00","FM-15","223","0.0",,"|BR |","92"
"USW00024127","2026-01-16T12:21:00","FM-16","223","1.1",,"|BR |","89"
"USW00024127","2026-01-16T12:42:00","FM-16","223","1.7",,"|BR |","85"
"USW00024127","2026-01-16T12:54:00","FM-15","223","2.2",,"|FU |","82"
"USW00024127","2026-01-16T12:56:00","FM-16","223","2.2",,"|FU |","82"
"USW00024127","2026-01-16T13:54:00","FM-15","223","3.3",,"|FU |","70"
"USW00024127","2026-01-16T14:00:00","FM-12","223","3.3",,"||HZ","70"
"USW00024127","2026-01-16T14:54:00","FM-15","223","4.4",,,"68"
"USW00024127","2026-01-16T15:54:00","FM-15","223","3.9",,"|FU |","70"
"USW00024127","2026-01-16T16:54:00","FM-15","223","2.2",,"|FU |","76"
"USW00024127","2026-01-16T17:00:00","FM-12","223","2.2",,"||HZ","76"
"USW00024127","2026-01-16T17:54:00","FM-15","223","1.7",,,"76"
"USW00024127","2026-01-16T18:54:00","FM-15","223","0.6",,,"82"
"USW00024127","2026-01-16T19:54:00","FM-15","223","1.7",,,"76"
"USW00024127","2026-01-16T20:00:00","FM-12","223","1.7",,,"76"
"USW00024127","2026-01-16T20:54:00","FM-15","223","1.1",,,"76"
"USW00024127","2026-01-16T21:54:00","FM-15","223","0.0",,"|FU |","82"
"USW00024127","2026-01-16T22:54:00","FM-15","223","-1.1",,"|BR |","85"
"USW00024127","2026-01-16T23:00:00","FM-12","223","-1.1",,"||BR","85"
"USW00024127","2026-01-16T23:54:00","FM-15","223","-1.1",,,"85"
"USW00024127","2026-01-17T00:00:00","SOD",,,,,
"USW00024127","2026-01-17T00:54:00","FM-15","223","-2.2",,,"88"
"USW00024127","2026-01-17T01:54:00","FM-15","223","-2.2",,,"88"
"USW00024127","2026-01-17T02:00:00","FM-12","223","-2.2",,,"88"
"USW00024127","2026-01-17T02:54:00","FM-15","223","-3.9",,"|BR |","96"
"USW00024127","2026-01-17T03:54:00","FM-15","223","-2.8",,"|BR |","92"
"USW00024127","2026-01-17T04:54:00","FM-15","223","-3.3",,"|BR |","92"
"USW00024127","2026-01-17T05:00:00","FM-12","223","-3.3",,"||BR","92"
"USW00024127","2026-01-17T05:54:00","FM-15","223","-2.2",,"|BR |","88"
"USW00024127","2026-01-17T06:54:00","FM-15","223","-2.8",,,"89"
"USW00024127","2026-01-17T07:54:00","FM-15","223","-3.3",,"|BR |","92"
"USW00024127","2026-01-17T08:00:00","FM-12","223","-3.3",,"||BR","92"
"USW00024127","2026-01-17T08:54:00","FM-15","223","-1.7",,"|BR |","92"
"USW00024127","2026-01-17T09:54:00","FM-15","223","0.0",,,"79"
"USW00024127","2026-01-17T10:54:00","FM-15","223","1.7",,,"70"
"USW00024127","2026-01-17T11:00:00","FM-12","223","1.7",,,"70"
"USW00024127","2026-01-17T11:54:00","FM-15","223","2.8",,,"65"
"USW00024127","2026-01-17T12:54:00","FM-15","223","3.9",,,"57"
"USW00024127","2026-01-17T13:54:00","FM-15","223","5.0",,,"47"
"USW00024127","2026-01-17T14:00:00","FM-12","223","5.0",,,"47"
"USW00024127","2026-01-17T14:54:00","FM-15","223","5.0",,,"45"
"USW00024127","2026-01-17T15:54:00","FM-15","223","5.0",,,"43"
"USW00024127","2026-01-17T16:54:00","FM-15","223","4.4",,,"51"
"USW00024127","2026-01-17T17:00:00","FM-12","223","4.4",,,"51"
"USW00024127","2026-01-17T17:54:00","FM-15","223","2.8",,,"57"
"USW00024127","2026-01-17T18:54:00","FM-15","223","1.7",,,"61"
"USW00024127","2026-01-17T19:54:00","FM-15","223","0.6",,,"66"
"USW00024127","2026-01-17T20:00:00","FM-12","223","0.6",,,"66"
"USW00024127","2026-01-17T20:54:00","FM-15","223","0.0",,,"66"
"USW00024127","2026-01-17T21:54:00","FM-15","223","-0.6",,,"69"
"USW00024127","2026-01-17T22:54:00","FM-15","223","-1.1",,,"72"
"USW00024127","2026-01-17T23:00:00","FM-12","223","-1.1",,,"72"
"USW00024127","2026-01-17T23:54:00","FM-15","223","-1.7",,,"72"
"USW00024127","2026-01-18T00:00:00","SOD",,,,,
"USW00024127","2026-01-18T00:54:00","FM-15","223","-1.7",,,"72"
"USW00024127","2026-01-18T01:54:00","FM-15","223","-2.8",,,"78"
"USW00024127","2026-01-18T02:00:00","FM-12","223","-2.8",,,"78"
"USW00024127","2026-01-18T02:54:00","FM-15","223","-2.2",,,"72"
"USW00024127","2026-01-18T03:54:00","FM-15","223","-1.7",,,"66"
"USW00024127","2026-01-18T04:54:00","FM-15","223","-3.3",,,"78"
"USW00024127","2026-01-18T05:00:00","FM-12","223","-3.3",,,"78"
"USW00024127","2026-01-18T05:54:00","FM-15","223","-3.9",,,"81"
"USW00024127","2026-01-18T06:54:00","FM-15","223","-3.9",,,"81"
"USW00024127","2026-01-18T07:54:00","FM-15","223","-3.3",,,"75"
"USW00024127","2026-01-18T08:00:00","FM-12","223","-3.3",,,"75"
"USW00024127","2026-01-18T08:54:00","FM-15","223","-0.6",,,"69"
"USW00024127","2026-01-18T09:54:00","FM-15","223","1.1",,,"61"
"USW00024127","2026-01-18T10:54:00","FM-15","223","3.9",,,"48"
"USW00024127","2026-01-18T11:00:00","FM-12","223","3.9",,,"48"
"USW00024127","2026-01-18T11:54:00","FM-15","223","5.0",,,"45"
"USW00024127","2026-01-18T12:54:00","FM-15","223","6.1",,,"45"
"USW00024127","2026-01-18T14:54:00","FM-15","223","7.8",,,"37"
"USW00024127","2026-01-18T15:54:00","FM-15","223","7.2",,,"46"
"USW00024127","2026-01-18T16:54:00","FM-15","223","5.0",,,"60"
"USW00024127","2026-01-18T17:00:00","FM-12","223","5.0",,,"60"
"USW00024127","2026-01-18T17:54:00","FM-15","223","2.8",,,"62"
"USW00024127","2026-01-18T18:54:00","FM-15","223","2.2",,,"67"
"USW00024127","2026-01-18T19:54:00","FM-15","223","1.1",,,"79"
"USW00024127","2026-01-18T20:00:00","FM-12","223","1.1",,,"79"
"USW00024127","2026-01-18T20:54:00","FM-15","223","0.6",,,"78"
"USW00024127","2026-01-18T21:54:00","FM-15","223","0.0",,,"82"
"USW00024127","2026-01-18T22:54:00","FM-15","223","-0.6",,,"82"
"USW00024127","2026-01-18T23:00:00","FM-12","223","-0.6",,,"82"
"USW00024127","2026-01-18T23:54:00","FM-15","223","-0.6",,,"82"
"USW00024127","2026-01-19T00:00:00","SOD",,,,,
"USW00024127","2026-01-19T00:54:00","FM-15","223","-1.7",,,"89"
"USW00024127","2026-01-19T01:54:00","FM-15","223","-2.2",,,"85"
"USW00024127","2026-01-19T02:00:00","FM-12","223","-2.2",,,"85"
"USW00024127","2026-01-19T02:54:00","FM-15","223","-2.2",,,"81"
"USW00024127","2026-01-19T03:54:00","FM-15","223","-3.3",,,"84"
"USW00024127","2026-01-19T04:54:00","FM-15","223","-3.9",,,"81"
"USW00024127","2026-01-19T05:00:00","FM-12","223","-3.9",,,"81"
"USW00024127","2026-01-19T05:54:00","FM-15","223","-3.3",,,"84"
"USW00024127","2026-01-19T06:54:00","FM-15","223","-3.9",,,"85"
"USW00024127","2026-01-19T07:54:00","FM-15","223","-4.4",,,"84"
"USW00024127","2026-01-19T08:00:00","FM-12","223","-4.4",,,"84"
"USW00024127","2026-01-19T08:54:00","FM-15","223","-2.2",,,"81"
"USW00024127","2026-01-19T09:54:00","FM-15","223","0.0",,,"79"
"USW00024127","2026-01-19T10:54:00","FM-15","223","1.7",,,"67"
"USW00024127","2026-01-19T11:00:00","FM-12","223","1.7",,,"67"
"USW00024127","2026-01-19T11:54:00","FM-15","223","3.3",,,"62"
"USW00024127","2026-01-19T12:54:00","FM-15","223","3.9",,,"60"
"USW00024127","2026-01-19T13:54:00","FM-15","223","4.4",,,"55"
"USW00024127","2026-01-19T14:00:00","FM-12","223","4.4",,,"55"
"USW00024127","2026-01-19T14:54:00","FM-15","223","5.0",,,"53"
"USW00024127","2026-01-19T15:54:00","FM-15","223","5.6",,,"53"
"USW00024127","2026-01-19T16:54:00","FM-15","223","3.9",,,"60"
"USW00024127","2026-01-19T17:00:00","FM-12","223","3.9",,,"60"
"USW00024127","2026-01-19T17:54:00","FM-15","223","2.2",,,"67"
"USW00024127","2026-01-19T18:54:00","FM-15","223","1.1",,,"73"
"USW00024127","2026-01-19T19:54:00","FM-15","223","0.6",,,"78"
"USW00024127","2026-01-19T20:00:00","FM-12","223","0.6",,,"78"
"USW00024127","2026-01-19T20:54:00","FM-15","223","0.0",,,"79"
"USW00024127","2026-01-19T21:54:00","FM-15","223","-1.1",,,"82"
"USW00024127","2026-01-19T22:54:00","FM-15","223","-2.2",,,"81"
"USW00024127","2026-01-19T23:00:00","FM-12","223","-2.2",,,"81"
"USW00024127","2026-01-19T23:54:00","FM-15","223","-1.7",,,"78"
"USW00024127","2026-01-20T00:00:00","SOD",,,,,
"USW00024127","2026-01-20T00:54:00","FM-15","223","-2.8",,,"81"
"USW00024127","2026-01-20T01:54:00","FM-15","223","-2.8",,,"81"
"USW00024127","2026-01-20T02:00:00","FM-12","223","-2.8",,,"81"
"USW00024127","2026-01-20T02:54:00","FM-15","223","-3.9",,,"85"
"USW00024127","2026-01-20T03:54:00","FM-15","223","-4.4",,,"84"
"USW00024127","2026-01-20T04:54:00","FM-15","223","-4.4",,,"81"
"USW00024127","2026-01-20T05:00:00","FM-12","223","-4.4",,,"81"
"USW00024127","2026-01-20T05:54:00","FM-15","223","-3.9",,,"78"
"USW00024127","2026-01-20T06:54:00","FM-15","223","-3.9",,,"78"
"USW00024127","2026-01-20T07:54:00","FM-15","223","-3.9",,,"78"
"USW00024127","2026-01-20T08:00:00","FM-12","223","-3.9",,,"78"
"USW00024127","2026-01-20T08:54:00","FM-15","223","-1.7",,,"72"
"USW00024127","2026-01-20T09:54:00","FM-15","223","1.1",,,"61"
"USW00024127","2026-01-20T10:54:00","FM-15","223","2.8",,,"54"
"USW00024127","2026-01-20T11:00:00","FM-12","223","2.8",,,"54"
"USW00024127","2026-01-20T11:54:00","FM-15","223","4.4",,,"47"
"USW00024127","2026-01-20T12:54:00","FM-15","223","6.1",,,"42"
"USW00024127","2026-01-20T14:54:00","FM-15","223","7.8",,,"40"
"USW00024127","2026-01-20T15:54:00","FM-15","223","7.2",,,"37"
"USW00024127","2026-01-20T16:54:00","FM-15","223","5.6",,,"51"
"USW00024127","2026-01-20T17:00:00","FM-12","223","5.6",,,"51"
"USW00024127","2026-01-20T17:54:00","FM-15","223","1.7",,,"67"
"USW00024127","2026-01-20T18:54:00","FM-15","223","1.7",,,"70"
"USW00024127","2026-01-20T19:54:00","FM-15","223","1.1",,,"76"
"USW00024127","2026-01-20T20:00:00","FM-12","223","1.1",,,"76"
"USW00024127","2026-01-20T20:54:00","FM-15","223","0.6",,,"78"
"USW00024127","2026-01-20T21:54:00","FM-15","223","-0.6",,,"79"
"USW00024127","2026-01-20T22:54:00","FM-15","223","-1.1",,,"82"
"USW00024127","2026-01-20T23:00:00","FM-12","223","-1.1",,,"82"
"USW00024127","2026-01-20T23:54:00","FM-15","223","-1.7",,,"78"
"USW00024127","2026-01-21T00:00:00","SOD",,,,,
"USW00024127","2026-01-21T00:54:00","FM-15","223","-2.8",,,"81"
"USW00024127","2026-01-21T01:54:00","FM-15","223","-2.8",,,"78"
"USW00024127","2026-01-21T02:00:00","FM-12","223","-2.8",,,"78"
"USW00024127","2026-01-21T02:54:00","FM-15","223","-3.3",,,"81"
"USW00024127","2026-01-21T03:54:00","FM-15","223","-3.3",,,"81"
"USW00024127","2026-01-21T04:54:00","FM-15","223","-3.3",,,"78"
"USW00024127","2026-01-21T05:00:00","FM-12","223","-3.3",,,"78"
"USW00024127","2026-01-21T05:54:00","FM-15","223","-3.3",,,"78"
"USW00024127","2026-01-21T06:54:00","FM-15","223","-4.4",,,"81"
"USW00024127","2026-01-21T07:54:00","FM-15","223","-3.9",,,"81"
"USW00024127","2026-01-21T08:00:00","FM-12","223","-3.9",,,"81"
"USW00024127","2026-01-21T08:54:00","FM-15","223","-2.2",,,"78"
"USW00024127","2026-01-21T09:54:00","FM-15","223","1.7",,,"54"
"USW00024127","2026-01-21T10:54:00","FM-15","223","2.8",,,"50"
"USW00024127","2026-01-21T11:00:00","FM-12","223","2.8",,,"50"
"USW00024127","2026-01-21T11:54:00","FM-15","223","5.6",,,"38"
"USW00024127","2026-01-21T12:54:00","FM-15","223","6.7",,,"41"
"USW00024127","2026-01-21T13:54:00","FM-15","223","6.7",,,"41"
"USW00024127","2026-01-21T14:00:00","FM-12","223","6.7",,,"41"
"USW00024127","2026-01-21T14:54:00","FM-15","223","7.2",,,"39"
"USW00024127","2026-01-21T15:54:00","FM-15","223","6.7",,,"43"
"USW00024127","2026-01-21T16:54:00","FM-15","223","4.4",,,"55"
"USW00024127","2026-01-21T17:00:00","FM-12","223","4.4",,,"55"
"USW00024127","2026-01-21T17:54:00","FM-15","223","1.7",,,"67"
"USW00024127","2026-01-21T18:54:00","FM-15","223","1.1",,,"76"
"USW00024127","2026-01-21T19:54:00","FM-15","223","1.1",,,"76"
"USW00024127","2026-01-21T20:00:00","FM-12","223","1.1",,,"76"
"USW00024127","2026-01-21T20:54:00","FM-15","223","0.0",,,"79"
"USW00024127","2026-01-21T21:54:00","FM-15","223","0.0",,,"75"
"USW00024127","2026-01-21T22:54:00","FM-15","223","-1.1",,,"79"
"USW00024127","2026-01-21T23:00:00","FM-12","223","-1.1",,,"79"
"USW00024127","2026-01-21T23:54:00","FM-15","223","-1.1",,,"82"
"USW00024127","2026-01-22T00:00:00","SOD",,,,,
"USW00024127","2026-01-22T00:54:00","FM-15","223","-1.7",,"|BR |","89"
"USW00024127","2026-01-22T01:54:00","FM-15","223","-2.8",,"|BR |","85"
"USW00024127","2026-01-22T02:00:00","FM-12","223","-2.8",,"||BR","85"
"USW00024127","2026-01-22T02:54:00","FM-15","223","-3.3",,,"84"
"USW00024127","2026-01-22T03:54:00","FM-15","223","-3.9",,,"85"
"USW00024127","2026-01-22T04:54:00","FM-15","223","-3.9",,,"85"
"USW00024127","2026-01-22T05:00:00","FM-12","223","-3.9",,,"85"
"USW00024127","2026-01-22T05:54:00","FM-15","223","-3.9",,,"81"
"USW00024127","2026-01-22T06:54:00","FM-15","223","-3.9",,,"81"
"USW00024127","2026-01-22T07:54:00","FM-15","223","-4.4",,,"84"
"USW00024127","2026-01-22T08:00:00","FM-12","223","-4.4",,,"84"
"USW00024127","2026-01-22T08:54:00","FM-15","223","-2.2",,,"75"
"USW00024127","2026-01-22T09:54:00","FM-15","223","-0.6",,,"72"
"USW00024127","2026-01-22T10:54:00","FM-15","223","1.1",,,"67"
"USW00024127","2026-01-22T11:00:00","FM-12","223","1.1",,,"67"
"USW00024127","2026-01-22T11:54:00","FM-15","223","2.2",,,"59"
"USW00024127","2026-01-22T12:54:00","FM-15","223","2.8",,,"62"
"USW00024127","2026-01-22T13:54:00","FM-15","223","3.9",,,"57"
"USW00024127","2026-01-22T14:00:00","FM-12","223","3.9",,,"57"
"USW00024127","2026-01-22T14:54:00","FM-15","223","4.4",,,"53"
"USW00024127","2026-01-22T15:54:00","FM-15","223","5.0",,,"49"
"USW00024127","2026-01-22T16:54:00","FM-15","223","3.3",,,"68"
"USW00024127","2026-01-22T17:00:00","FM-12","223","3.3",,,"68"
"USW00024127","2026-01-22T17:54:00","FM-15","223","1.1",,,"79"
"USW00024127","2026-01-22T18:54:00","FM-15","223","0.0",,,"82"
"USW00024127","2026-01-22T19:54:00","FM-15","223","-1.1",,,"85"
"USW00024127","2026-01-22T20:00:00","FM-12","223","-1.1",,,"85"
"USW00024127","2026-01-22T20:54:00","FM-15","223","-1.1",,,"88"
"USW00024127","2026-01-22T21:54:00","FM-15","223","-1.1",,,"88"
"USW00024127","2026-01-22T22:54:00","FM-15","223","-1.7",,"|BR |","89"
"USW00024127","2026-01-22T23:00:00","FM-12","223","-1.7",,"||BR","89"
"USW00024127","2026-01-23T00:00:00","SOD",,,,,
"USW00024127","2026-01-23T00:54:00","FM-15","223","-2.8",,"|BR |","89"
"USW00024127","2026-01-23T01:54:00","FM-15","223","-3.3",,"|BR |","92"
"USW00024127","2026-01-23T02:00:00","FM-12","223","-3.3",,"||BR","92"
"USW00024127","2026-01-23T02:54:00","FM-15","223","-3.3",,"|BR |","88"
"USW00024127","2026-01-23T03:54:00","FM-15","223","-3.3",,"|BR |","88"
"USW00024127","2026-01-23T04:54:00","FM-15","223","-3.3",,"|BR |","88"
"USW00024127","2026-01-23T05:00:00","FM-12","223","-3.3",,"||BR","88"
"USW00024127","2026-01-23T05:54:00","FM-15","223","-2.8",,"|BR |","85"
"USW00024127","2026-01-23T06:54:00","FM-15","223","-2.8",,"|BR |","85"
"USW00024127","2026-01-23T07:54:00","FM-15","223","-2.2",,"|BR |","88"
"USW00024127","2026-01-23T08:00:00","FM-12","223","-2.2",,"||BR","88"
"USW00024127","2026-01-23T08:54:00","FM-15","223","-2.2",,"|BR |","92"
"USW00024127","2026-01-23T09:54:00","FM-15","223","0.0",,"|BR FU |","82"
"USW00024127","2026-01-23T10:54:00","FM-15","223","1.1",,"|FU |","79"
"USW00024127","2026-01-23T11:00:00","FM-12","223","1.1",,"||HZ","79"
"USW00024127","2026-01-23T11:54:00","FM-15","223","1.1",,"|FU |","76"
"USW00024127","2026-01-23T12:54:00","FM-15","223","2.8",,"|FU |","67"
"USW00024127","2026-01-23T13:54:00","FM-15","223","3.9",,"|FU |","65"
"USW00024127","2026-01-23T14:00:00","FM-12","223","3.9",,"||HZ","65"
"USW00024127","2026-01-23T14:54:00","FM-15","223","3.3",,,"60"
"USW00024127","2026-01-23T15:54:00","FM-15","223","3.3",,,"60"
"USW00024127","2026-01-23T16:54:00","FM-15","223","2.8",,,"70"
"USW00024127","2026-01-23T17:00:00","FM-12","223","2.8",,,"70"
"USW00024127","2026-01-23T17:54:00","FM-15","223","2.2",,,"73"
"USW00024127","2026-01-23T18:54:00","FM-15","223","1.1",,,"79"
"USW00024127","2026-01-23T19:54:00","FM-15","223","1.1",,,"79"
"USW00024127","2026-01-23T20:00:00","FM-12","223","1.1",,,"79"
"USW00024127","2026-01-23T20:54:00","FM-15","223","0.6",,,"78"
"USW00024127","2026-01-23T21:54:00","FM-15","223","-0.6",,,"79"
"USW00024127","2026-01-23T22:54:00","FM-15","223","-1.7",,,"82"
"USW00024127","2026-01-23T23:00:00","FM-12","223","-1.7",,,"82"
"USW00024127","2026-01-23T23:54:00","FM-15","223","-3.3",,,"88"
"USW00024127","2026-01-24T00:00:00","SOD",,,,,
"USW00024127","2026-01-24T00:54:00","FM-15","223","-3.3",,,"88"
"USW00024127","2026-01-24T01:54:00","FM-15","223","-4.4",,,"88"
"USW00024127","2026-01-24T02:00:00","FM-12","223","-4.4",,,"88"
"USW00024127","2026-01-24T02:54:00","FM-15","223","-4.4",,,"88"
"USW00024127","2026-01-24T03:54:00","FM-15","223","-3.3",,,"81"
"USW00024127","2026-01-24T04:54:00","FM-15","223","-3.9",,,"85"
"USW00024127","2026-01-24T05:00:00","FM-12","223","-3.9",,,"85"
"USW00024127","2026-01-24T05:54:00","FM-15","223","-3.9",,,"78"
"USW00024127","2026-01-24T06:54:00","FM-15","223","-4.4",,,"81"
"USW00024127","2026-01-24T07:54:00","FM-15","223","-4.4",,,"75"
"USW00024127","2026-01-24T08:00:00","FM-12","223","-4.4",,,"75"
"USW00024127","2026-01-24T08:54:00","FM-15","223","-4.4",,,"77"
"USW00024127","2026-01-24T09:54:00","FM-15","223","-3.3",,,"71"
"USW00024127","2026-01-24T10:54:00","FM-15","223","-2.8",,,"78"
"USW00024127","2026-01-24T11:00:00","FM-12","223","-2.8",,,"78"
"USW00024127","2026-01-24T11:54:00","FM-15","223","-1.1",,,"64"
"USW00024127","2026-01-24T12:54:00","FM-15","223","0.0",,,"52"
"USW00024127","2026-01-24T13:54:00","FM-15","223","0.0",,,"52"
"USW00024127","2026-01-24T14:00:00","FM-12","223","0.0",,,"52"
"USW00024127","2026-01-24T14:54:00","FM-15","223","0.6",,,"45"
"USW00024127","2026-01-24T15:54:00","FM-15","223","0.0",,,"47"
"USW00024127","2026-01-24T16:54:00","FM-15","223","-0.6",,,"56"
"USW00024127","2026-01-24T17:00:00","FM-12","223","-0.6",,,"56"
"USW00024127","2026-01-24T17:54:00","FM-15","223","-1.7",,,"63"
"USW00024127","2026-01-24T18:54:00","FM-15","223","-3.3",,,"75"
"USW00024127","2026-01-24T19:54:00","FM-15","223","-2.8",,,"69"
"USW00024127","2026-01-24T20:00:00","FM-12","223","-2.8",,,"69"
"USW00024127","2026-01-24T20:54:00","FM-15","223","-3.3",,,"71"
"USW00024127","2026-01-24T21:54:00","FM-15","223","-3.3",,,"69"
"USW00024127","2026-01-24T22:54:00","FM-15","223","-4.4",,,"71"
"USW00024127","2026-01-24T23:00:00","FM-12","223","-4.4",,,"71"
"USW00024127","2026-01-24T23:54:00","FM-15","223","-5.6",,,"71"
"USW00024127","2026-01-25T00:00:00","SOD",,,,,
"USW00024127","2026-01-25T00:54:00","FM-15","223","-6.1",,,"74"
"USW00024127","2026-01-25T01:54:00","FM-15","223","-6.1",,,"74"
"USW00024127","2026-01-25T02:00:00","FM-12","223","-6.1",,,"74"
"USW00024127","2026-01-25T02:54:00","FM-15","223","-6.7",,,"81"
"USW00024127","2026-01-25T03:54:00","FM-15","223","-6.7",,,"71"
"USW00024127","2026-01-25T04:54:00","FM-15","223","-7.2",,,"74"
"USW00024127","2026-01-25T05:00:00","FM-12","223","-7.2",,,"74"
"USW00024127","2026-01-25T05:54:00","FM-15","223","-6.7",,,"74"
"USW00024127","2026-01-25T06:54:00","FM-15","223","-6.1",,,"74"
"USW00024127","2026-01-25T07:54:00","FM-15","223","-5.6",,,"78"
"USW00024127","2026-01-25T08:00:00","FM-12","223","-5.6",,,"78"
"USW00024127","2026-01-25T08:54:00","FM-15","223","-3.9",,,"72"
"USW00024127","2026-01-25T09:54:00","FM-15","223","-2.8",,,"66"
"USW00024127","2026-01-25T10:54:00","FM-15","223","-1.7",,,"61"
"USW00024127","2026-01-25T11:00:00","FM-12","223","-1.7",,,"61"
"USW00024127","2026-01-25T11:54:00","FM-15","223","0.0",,,"54"
"USW00024127","2026-01-25T12:54:00","FM-15","223","0.6",,,"52"
"USW00024127","2026-01-25T13:54:00","FM-15","223","1.7",,,"38"
"USW00024127","2026-01-25T14:00:00","FM-12","223","1.7",,,"38"
"USW00024127","2026-01-25T14:54:00","FM-15","223","1.7",,,"35"
"USW00024127","2026-01-25T15:54:00","FM-15","223","1.7",,,"35"
"USW00024127","2026-01-25T16:54:00","FM-15","223","1.1",,,"38"
"USW00024127","2026-01-25T17:00:00","FM-12","223","1.1",,,"38"
"USW00024127","2026-01-25T17:54:00","FM-15","223","-0.6",,,"45"
"USW00024127","2026-01-25T18:54:00","FM-15","223","-1.7",,,"51"
"USW00024127","2026-01-25T19:54:00","FM-15","223","-2.8",,,"55"
"USW00024127","2026-01-25T20:00:00","FM-12","223","-2.8",,,"55"
"USW00024127","2026-01-25T20:54:00","FM-15","223","-3.3",,,"55"
"USW00024127","2026-01-25T21:54:00","FM-15","223","-4.4",,,"55"
"USW00024127","2026-01-25T22:54:00","FM-15","223","-5.0",,,"57"
"USW00024127","2026-01-25T23:00:00","FM-12","223","-5.0",,,"57"
"USW00024127","2026-01-25T23:54:00","FM-15","223","-5.0",,,"55"
"USW00024127","2026-01-26T00:00:00","SOD",,,,,
"USW00024127","2026-01-26T00:54:00","FM-15","223","-5.6",,,"57"
"USW00024127","2026-01-26T01:54:00","FM-15","223","-6.1",,,"47"
"USW00024127","2026-01-26T02:00:00","FM-12","223","-6.1",,,"47"
"USW00024127","2026-01-26T02:54:00","FM-15","223","-4.4",,,"46"
"USW00024127","2026-01-26T03:54:00","FM-15","223","-3.9",,,"53"
"USW00024127","2026-01-26T04:54:00","FM-15","223","-5.0",,,"57"
"USW00024127","2026-01-26T05:00:00","FM-12","223","-5.0",,,"57"
"USW00024127","2026-01-26T05:54:00","FM-15","223","-5.6",,,"60"
"USW00024127","2026-01-26T06:54:00","FM-15","223","-5.6",,,"55"
"USW00024127","2026-01-26T07:54:00","FM-15","223","-5.6",,,"57"
"USW00024127","2026-01-26T08:00:00","FM-12","223","-5.6",,,"57"
"USW00024127","2026-01-26T08:54:00","FM-15","223","-3.3",,,"51"
"USW00024127","2026-01-26T09:54:00","FM-15","223","-0.6",,,"40"
"USW00024127","2026-01-26T10:54:00","FM-15","223","1.1",,,"35"
"USW00024127","2026-01-26T11:00:00","FM-12","223","1.1",,,"35"
"USW00024127","2026-01-26T11:54:00","FM-15","223","3.9",,,"28"
"USW00024127","2026-01-26T12:54:00","FM-15","223","6.1",,,"20"
"USW00024127","2026-01-26T13:54:00","FM-15","223","7.2",,,"18"
"USW00024127","2026-01-26T14:00:00","FM-12","223","7.2",,,"18"
"USW00024127","2026-01-26T14:54:00","FM-15","223","7.8",,,"17"
"USW00024127","2026-01-26T15:54:00","FM-15","223","7.8",,,"17"
"USW00024127","2026-01-26T16:54:00","FM-15","223","6.1",,,"21"
"USW00024127","2026-01-26T17:00:00","FM-12","223","6.1",,,"21"
"USW00024127","2026-01-26T17:54:00","FM-15","223","2.8",,,"44"
"USW00024127","2026-01-26T18:54:00","FM-15","223","0.6",,,"66"
"USW00024127","2026-01-26T19:54:00","FM-15","223","-0.6",,,"72"
"USW00024127","2026-01-26T20:00:00","FM-12","223","-0.6",,,"72"
"USW00024127","2026-01-26T20:54:00","FM-15","223","0.0",,,"66"
"USW00024127","2026-01-26T21:54:00","FM-15","223","0.0",,,"66"
"USW00024127","2026-01-26T22:54:00","FM-15","223","-0.6",,,"69"
"USW00024127","2026-01-26T23:00:00","FM-12","223","-0.6",,,"69"
"USW00024127","2026-01-26T23:54:00","FM-15","223","-0.6",,,"69"
"USW00024127","2026-01-27T00:00:00","SOD",,,,,
"USW00024127","2026-01-27T00:54:00","FM-15","223","-1.1",,,"75"
"USW00024127","2026-01-27T01:54:00","FM-15","223","-1.1",,,"69"
"USW00024127","2026-01-27T02:00:00","FM-12","223","-1.1",,,"69"
"USW00024127","2026-01-27T02:54:00","FM-15","223","-3.3",,,"81"
"USW00024127","2026-01-27T03:54:00","FM-15","223","-2.8",,,"75"
"USW00024127","2026-01-27T04:54:00","FM-15","223","-5.0",,,"88"
"USW00024127","2026-01-27T05:00:00","FM-12","223","-5.0",,,"88"
"USW00024127","2026-01-27T05:54:00","FM-15","223","-3.9",,,"81"
"USW00024127","2026-01-27T06:54:00","FM-15","223","-3.9",,,"75"
"USW00024127","2026-01-27T07:54:00","FM-15","223","-4.4",,,"75"
"USW00024127","2026-01-27T08:00:00","FM-12","223","-4.4",,,"75"
"USW00024127","2026-01-27T08:54:00","FM-15","223","-1.7",,,"63"
"USW00024127","2026-01-27T09:54:00","FM-15","223","1.1",,,"52"
"USW00024127","2026-01-27T10:54:00","FM-15","223","2.8",,,"44"
"USW00024127","2026-01-27T11:00:00","FM-12","223","2.8",,,"44"
"USW00024127","2026-01-27T11:54:00","FM-15","223","4.4",,,"36"
"USW00024127","2026-01-27T12:54:00","FM-15","223","6.1",,,"38"
"USW00024127","2026-01-27T13:54:00","FM-15","223","7.8",,,"29"
"USW00024127","2026-01-27T14:00:00","FM-12","223","7.8",,,"29"
"USW00024127","2026-01-27T14:54:00","FM-15","223","7.8",,,"31"
"USW00024127","2026-01-27T15:54:00","FM-15","223","8.3",,,"29"
"USW00024127","2026-01-27T16:54:00","FM-15","223","6.1",,,"35"
"USW00024127","2026-01-27T17:00:00","FM-12","223","6.1",,,"35"
"USW00024127","2026-01-27T17:54:00","FM-15","223","3.3",,,"65"
"USW00024127","2026-01-27T18:54:00","FM-15","223","2.2",,,"64"
"USW00024127","2026-01-27T19:54:00","FM-15","223","1.7",,,"64"
"USW00024127","2026-01-27T20:00:00","FM-12","223","1.7",,,"64"
"USW00024127","2026-01-27T20:54:00","FM-15","223","1.1",,,"70"
"USW00024127","2026-01-27T21:54:00","FM-15","223","1.1",,,"70"
"USW00024127","2026-01-27T22:54:00","FM-15","223","0.0",,,"75"
"USW00024127","2026-01-27T23:00:00","FM-12","223","0.0",,,"75"
"USW00024127","2026-01-27T23:54:00","FM-15","223","-1.1",,,"79"
"USW00024127","2026-01-28T00:00:00","SOD",,,,,
"USW00024127","2026-01-28T00:54:00","FM-15","223","-1.7",,,"72"
"USW00024127","2026-01-28T01:54:00","FM-15","223","-1.1",,,"61"
"USW00024127","2026-01-28T02:00:00","FM-12","223","-1.1",,,"61"
"USW00024127","2026-01-28T02:54:00","FM-15","223","-1.1",,,"56"
"USW00024127","2026-01-28T03:54:00","FM-15","223","-1.1",,,"56"
"USW00024127","2026-01-28T04:54:00","FM-15","223","-1.7",,,"58"
"USW00024127","2026-01-28T05:00:00","FM-12","223","-1.7",,,"58"
"USW00024127","2026-01-28T05:54:00","FM-15","223","-0.6",,,"49"
"USW00024127","2026-01-28T06:54:00","FM-15","223","0.0",,,"47"
"USW00024127","2026-01-28T07:54:00","FM-15","223","-1.7",,,"72"
"USW00024127","2026-01-28T08:00:00","FM-12","223","-1.7",,,"72"
"USW00024127","2026-01-28T08:54:00","FM-15","223","-1.1",,,"75"
"USW00024127","2026-01-28T09:54:00","FM-15","223","0.6",,,"70"
"USW00024127","2026-01-28T10:54:00","FM-15","223","0.6",,,"78"
"USW00024127","2026-01-28T11:00:00","FM-12","223","0.6",,,"78"
"USW00024127","2026-01-28T11:54:00","FM-15","223","1.1",,,"73"
"USW00024127","2026-01-28T12:54:00","FM-15","223","1.7",,,"67"
"USW00024127","2026-01-28T14:54:00","FM-15","223","3.9",,,"57"
"USW00024127","2026-01-28T15:08:00","FM-16","223","3.9","T","|SN BR |","57"
"USW00024127","2026-01-28T15:25:00","FM-16","223","1.7","T","|SN BR |","78"
"USW00024127","2026-01-28T15:37:00","FM-16","223","1.7","T","|SN BR |","82"
"USW00024127","2026-01-28T15:51:00","FM-16","223","2.0","T","|SN BR |","75"
"USW00024127","2026-01-28T15:54:00","FM-15","223","2.2","T","|SN BR |","73"
"USW00024127","2026-01-28T16:03:00","FM-16","223","2.2","T","|SN BR |","73"
"USW00024127","2026-01-28T16:12:00","FM-16","223","2.2","T","|SN BR |","73"
"USW00024127","2026-01-28T16:45:00","FM-16","223","1.1","T","|SN BR |","89"
"USW00024127","2026-01-28T16:54:00","FM-15","223","1.1","T","|SN BR |","89"
"USW00024127","2026-01-28T17:00:00","FM-12","223","1.1",,"||SN","89"
"USW00024127","2026-01-28T17:13:00","FM-16","223","1.1","T",,"89"
"USW00024127","2026-01-28T17:45:00","FM-16","223","1.7","T","|SN BR |","89"
"USW00024127","2026-01-28T17:54:00","FM-15","223","1.1","T","|SN BR |","89"
"USW00024127","2026-01-28T18:43:00","FM-16","223","1.1","T",,"89"
"USW00024127","2026-01-28T18:54:00","FM-15","223","1.1","T",,"89"
"USW00024127","2026-01-28T19:54:00","FM-15","223","1.1",,,"89"
"USW00024127","2026-01-28T20:00:00","FM-12","223","1.1",,,"89"
"USW00024127","2026-01-28T20:54:00","FM-15","223","1.7",,,"85"
"USW00024127","2026-01-28T21:54:00","FM-15","223","0.6",,,"92"
"USW00024127","2026-01-28T22:54:00","FM-15","223","0.0",,"|BR |","92"
"USW00024127","2026-01-28T23:00:00","FM-12","223","0.0",,"||BR","92"
"USW00024127","2026-01-28T23:54:00","FM-15","223","-0.6",,,"92"
"USW00024127","2026-01-29T00:00:00","SOD",,,,,
"USW00024127","2026-01-29T00:54:00","FM-15","223","-2.8",,,"96"
"USW00024127","2026-01-29T01:54:00","FM-15","223","-2.2",,,"96"
"USW00024127","2026-01-29T02:00:00","FM-12","223","-2.2",,,"96"
"USW00024127","2026-01-29T02:50:00","FM-16","223","-2.0",,"|BR |","93"
"USW00024127","2026-01-29T02:54:00","FM-15","223","-2.2",,"|BR |","96"
"USW00024127","2026-01-29T03:22:00","FM-16","223","-2.2",,"|BR |","96"
"USW00024127","2026-01-29T03:54:00","FM-15","223","-3.3",,"|BR |","96"
"USW00024127","2026-01-29T03:56:00","FM-16","223","-3.3",,"|BR |","96"
"USW00024127","2026-01-29T04:20:00","FM-16","223","-3.9",,"|FG |","92"
"USW00024127","2026-01-29T04:54:00","FM-15","223","-3.3",,"|FG |","96"
"USW00024127","2026-01-29T05:00:00","FM-12","223","-3.3",,"||FG","96"
"USW00024127","2026-01-29T05:12:00","FM-16","223","-3.9",,"|FG |","96"
"USW00024127","2026-01-29T05:32:00","FM-16","223","-3.9",,"|FG |","96"
"USW00024127","2026-01-29T05:45:00","FM-16","223","-3.9",,"|FG |","96"
"USW00024127","2026-01-29T05:54:00","FM-15","223","-3.9",,"|FG |","96"
"USW00024127","2026-01-29T06:54:00","FM-15","223","-3.9",,"|FG |","96"
"USW00024127","2026-01-29T07:54:00","FM-15","223","-4.4",,"|FG |","96"
"USW00024127","2026-01-29T08:00:00","FM-12","223","-4.4",,"||FG","96"
"USW00024127","2026-01-29T08:07:00","FM-16","223","-4.4",,"|FG |","96"
"USW00024127","2026-01-29T08:54:00","FM-15","223","-3.9","T","|SN FG |","96"
"USW00024127","2026-01-29T09:03:00","FM-16","223","-3.9","T","|FG |","96"
"USW00024127","2026-01-29T09:51:00","FM-16","223","-3.0","T","|SN FG |","93"
"USW00024127","2026-01-29T09:54:00","FM-15","223","-3.3","T","|SN FG |","96"
"USW00024127","2026-01-29T10:01:00","FM-16","223","-3.3","T","|FG |","96"
"USW00024127","2026-01-29T10:45:00","FM-16","223","-1.7","T","|FG |","96"
"USW00024127","2026-01-29T10:49:00","FM-16","223","-2.0","T","|FG |","100"
"USW00024127","2026-01-29T10:54:00","FM-15","223","-1.1","T","|BR |","96"
"USW00024127","2026-01-29T11:00:00","FM-12","223","-1.1",,"||BR","96"
"USW00024127","2026-01-29T11:02:00","FM-16","223","-0.6",,"|BR |","92"
"USW00024127","2026-01-29T11:16:00","FM-16","223","0.6",,"|BR |","85"
"USW00024127","2026-01-29T11:54:00","FM-15","223","1.1",,"|BR |","85"
"USW00024127","2026-01-29T12:04:00","FM-16","223","1.7",,"|FU |","82"
"USW00024127","2026-01-29T12:15:00","FM-16","223","1.7",,"|BR |","89"
"USW00024127","2026-01-29T12:24:00","FM-16","223","1.1",,"|BR |","89"
"USW00024127","2026-01-29T12:54:00","FM-15","223","1.1",,"|BR |","89"
"USW00024127","2026-01-29T14:54:00","FM-15","223","3.9",,,"70"
"USW00024127","2026-01-29T15:54:00","FM-15","223","3.9",,,"70"
"USW00024127","2026-01-29T16:54:00","FM-15","223","2.8",,,"76"
"USW00024127","2026-01-29T17:00:00","FM-12","223","2.8",,,"76"
"USW00024127","2026-01-29T17:54:00","FM-15","223","1.1",,,"85"
"USW00024127","2026-01-29T18:54:00","FM-15","223","-1.7",,"|BR |","92"
"USW00024127","2026-01-29T19:12:00","FM-16","223","-2.2",,"|BR |","96"
"USW00024127","2026-01-29T19:16:00","FM-16","223","-2.2",,"|BR |","96"
"USW00024127","2026-01-29T19:23:00","FM-16","223","-2.2",,"|BR |","96"
"USW00024127","2026-01-29T19:34:00","FM-16","223","-2.2",,"|BR |","96"
"USW00024127","2026-01-29T19:54:00","FM-15","223","-2.2",,"|BR |","96"
"USW00024127","2026-01-29T20:00:00","FM-12","223","-2.2",,"||BR","96"
"USW00024127","2026-01-29T20:47:00","FM-16","223","-1.7",,"|BR |","100"
"USW00024127","2026-01-29T20:54:00","FM-15","223","-1.7",,"|BR |","100"
"USW00024127","2026-01-29T21:11:00","FM-16","223","-1.7",,"|FG |","100"
"USW00024127","2026-01-29T21:20:00","FM-16","223","-1.7",,"|FG |","96"
"USW00024127","2026-01-29T21:54:00","FM-15","223","-1.7",,"|FG |","96"
"USW00024127","2026-01-29T22:16:00","FM-16","223","-1.7",,"|FG |","96"
"USW00024127","2026-01-29T22:45:00","FM-16","223","-2.2",,"|FG |","100"
"USW00024127","2026-01-29T22:54:00","FM-15","223","-1.7",,"|FG |","96"
"USW00024127","2026-01-29T23:00:00","FM-12","223","-1.7",,"||FG","96"
"USW00024127","2026-01-29T23:54:00","FM-15","223","-2.2",,"|FG |","96"
"USW00024127","2026-01-30T00:00:00","SOD",,,,,
"USW00024127","2026-01-30T00:54:00","FM-15","223","-2.2",,"|FG |","96"
"USW00024127","2026-01-30T01:54:00","FM-15","223","-2.8",,"|FG |","100"
"USW00024127","2026-01-30T02:00:00","FM-12","223","-2.8",,"||FG","100"
"USW00024127","2026-01-30T02:24:00","FM-16","223","-2.8",,"|FG |","100"
"USW00024127","2026-01-30T02:34:00","FM-16","223","-2.2",,"|FG |","96"
"USW00024127","2026-01-30T02:54:00","FM-15","223","-2.8",,"|FG |","96"
"USW00024127","2026-01-30T03:54:00","FM-15","223","-3.3",,"|FG |","100"
"USW00024127","2026-01-30T04:19:00","FM-16","223","-2.8",,"|FG |","96"
"USW00024127","2026-01-30T04:31:00","FM-16","223","-2.8",,"|FG |","96"
"USW00024127","2026-01-30T04:44:00","FM-16","223","-3.3",,"|FG |","96"
"USW00024127","2026-01-30T04:54:00","FM-15","223","-3.3",,"|FG |","96"
"USW00024127","2026-01-30T05:00:00","FM-12","223","-3.3",,"||FG","96"
"USW00024127","2026-01-30T05:48:00","FM-16","223","-4.0",,"|BR |","100"
"USW00024127","2026-01-30T05:49:00","FM-15","223","-3.9",,"|BR |","96"
"USW00024127","2026-01-30T05:55:00","FM-16","223","-3.9",,"|BR |","96"
"USW00024127","2026-01-30T06:00:00","FM-16","223","-3.9",,"|FG |","96"
"USW00024127","2026-01-30T06:22:00","FM-16","223","-5.0",,"|FG |","96"
"USW00024127","2026-01-30T06:54:00","FM-15","223","-5.6",,"|FG |","96"
"USW00024127","2026-01-30T07:11:00","FM-16","223","-5.6",,"|FG |","96"
"USW00024127","2026-01-30T07:54:00","FM-15","223","-5.6",,"|FG |","96"
"USW00024127","2026-01-30T08:00:00","FM-12","223","-5.6",,"|FG |FG","96"
"USW00024127","2026-01-30T08:54:00","FM-15","223","-4.4",,"|FG |","96"
"USW00024127","2026-01-30T09:01:00","FM-16","223","-4.4",,"|BR |","96"
"USW00024127","2026-01-30T09:04:00","FM-16","223","-4.4",,"|BR |","91"
"USW00024127","2026-01-30T09:11:00","FM-16","223","-3.9",,"|BR |","92"
"USW00024127","2026-01-30T09:25:00","FM-16","223","-3.9",,"|BR |","92"
"USW00024127","2026-01-30T09:54:00","FM-15","223","-2.8",,"|BR |","92"
"USW00024127","2026-01-30T10:23:00","FM-16","223","-1.7",,"|BR |","92"
"USW00024127","2026-01-30T10:28:00","FM-16","223","-1.7",,"|BR |","96"
"USW00024127","2026-01-30T10:54:00","FM-15","223","-1.1",,"|BR |","96"
"USW00024127","2026-01-30T11:00:00","FM-12","223","-1.1",,"||BR","96"
"USW00024127","2026-01-30T11:16:00","FM-16","223","0.0",,"|BR |","92"
"USW00024127","2026-01-30T11:54:00","FM-15","223","3.3",,,"76"
"USW00024127","2026-01-30T12:54:00","FM-15","223","6.7",,,"45"
"USW00024127","2026-01-30T13:54:00","FM-15","223","6.7",,,"58"
"USW00024127","2026-01-30T14:00:00","FM-12","223","6.7",,,"58"
"USW00024127","2026-01-30T14:54:00","FM-15","223","6.7",,,"55"
"USW00024127","2026-01-30T15:54:00","FM-15","223","6.7",,,"53"
"USW00024127","2026-01-30T16:54:00","FM-15","223","5.0",,,"67"
"USW00024127","2026-01-30T17:00:00","FM-12","223","5.0",,,"67"
"USW00024127","2026-01-30T17:54:00","FM-15","223","3.9",,,"73"
"USW00024127","2026-01-30T18:54:00","FM-15","223","2.8",,,"76"
"USW00024127","2026-01-30T19:54:00","FM-15","223","1.7",,,"82"
"USW00024127","2026-01-30T20:00:00","FM-12","223","1.7",,,"82"
"USW00024127","2026-01-30T20:54:00","FM-15","223","1.1",,,"82"
"USW00024127","2026-01-30T21:54:00","FM-15","223","2.8",,,"76"
"USW00024127","2026-01-30T22:54:00","FM-15","223","0.6",,"|BR |","89"
"USW00024127","2026-01-30T23:00:00","FM-12","223","0.6",,"||BR","89"
"USW00024127","2026-01-30T23:54:00","FM-15","223","1.1",,,"89"
"USW00024127","2026-01-31T00:00:00","SOD",,,,,
"USW00024127","2026-01-31T00:54:00","FM-15","223","0.6",,,"89"
"USW00024127","2026-01-31T01:54:00","FM-15","223","-0.6",,,"92"
"USW00024127","2026-01-31T02:00:00","FM-12","223","-0.6",,,"92"
"USW00024127","2026-01-31T02:54:00","FM-15","223","-1.1",,,"92"
"USW00024127","2026-01-31T03:54:00","FM-15","223","-1.7",,"|BR |","96"
"USW00024127","2026-01-31T04:54:00","FM-15","223","-1.7",,,"96"
"USW00024127","2026-01-31T05:00:00","FM-12","223","-1.7",,,"96"
"USW00024127","2026-01-31T05:54:00","FM-15","223","-2.2",,,"92"
"USW00024127","2026-01-31T06:54:00","FM-15","223","-2.2",,,"88"
"USW00024127","2026-01-31T07:54:00","FM-15","223","-1.7",,,"89"
"USW00024127","2026-01-31T08:00:00","FM-12","223","-1.7",,,"89"
"USW00024127","2026-01-31T08:54:00","FM-15","223","0.0",,"|BR |","85"
"USW00024127","2026-01-31T09:54:00","FM-15","223","2.2",,"|FU |","73"
"USW00024127","2026-01-31T10:54:00","FM-15","223","5.6",,,"55"
"USW00024127","2026-01-31T11:00:00","FM-12","223","5.6",,,"55"
"USW00024127","2026-01-31T11:54:00","FM-15","223","7.8",,,"44"
"USW00024127","2026-01-31T12:54:00","FM-15","223","8.9",,,"41"
"USW00024127","2026-01-31T13:54:00","FM-15","223","10.0",,,"46"
"USW00024127","2026-01-31T14:00:00","FM-12","223","10.0",,,"46"
"USW00024127","2026-01-31T14:54:00","FM-15","223","10.6",,,"44"
"USW00024127","2026-01-31T15:54:00","FM-15","223","8.9",,,"48"
"USW00024127","2026-01-31T16:54:00","FM-15","223","7.8",,,"54"
"USW00024127","2026-01-31T17:00:00","FM-12","223","7.8",,,"54"
"USW00024127","2026-01-31T17:54:00","FM-15","223","5.6",,,"58"
"USW00024127","2026-01-31T18:54:00","FM-15","223","3.3",,,"65"
"USW00024127","2026-01-31T19:54:00","FM-15","223","3.3",,,"60"
"USW00024127","2026-01-31T20:00:00","FM-12","223","3.3",,,"60"
"USW00024127","2026-01-31T20:54:00","FM-15","223","2.2",,,"67"
"USW00024127","2026-01-31T21:54:00","FM-15","223","2.2",,,"67"
"USW00024127","2026-01-31T22:54:00","FM-15","223","2.8",,,"70"
"USW00024127","2026-01-31T23:00:00","FM-12","223","2.8",,,"70"
"USW00024127","2026-01-31T23:54:00","FM-15","223","1.1",,,"79"
"USW00024127","2026-01-31T23:59:00","SOM",,,,,
"USW00024127","2026-02-01T00:00:00","SOD",,,,,
"USW00024127","2026-02-01T00:54:00","FM-15","223","-0.6",,,"85"
"USW00024127","2026-02-01T01:54:00","FM-15","223","0.6",,,"78"
"USW00024127","2026-02-01T02:00:00","FM-12","223","0.6",,,"78"
"USW00024127","2026-02-01T02:54:00","FM-15","223","-0.6",,,"82"
"USW00024127","2026-02-01T03:54:00","FM-15","223","-1.1",,,"82"
"USW00024127","2026-02-01T04:54:00","FM-15","223","-0.6",,,"72"
"USW00024127","2026-02-01T05:00:00","FM-12","223","-0.6",,,"72"
"USW00024127","2026-02-01T05:54:00","FM-15","223","-1.7",,,"85"
"USW00024127","2026-02-01T06:54:00","FM-15","223","-1.1",,,"82"
"USW00024127","2026-02-01T07:54:00","FM-15","223","-1.1",,,"75"
"USW00024127","2026-02-01T08:00:00","FM-12","223","-1.1",,,"75"
"USW00024127","2026-02-01T08:54:00","FM-15","223","1.1",,,"70"
"USW00024127","2026-02-01T09:54:00","FM-15","223","5.6",,,"49"
"USW00024127","2026-02-01T10:54:00","FM-15","223","7.8",,,"47"
"USW00024127","2026-02-01T11:00:00","FM-12","223","7.8",,,"47"
"USW00024127","2026-02-01T11:54:00","FM-15","223","10.0",,,"36"
"USW00024127","2026-02-01T12:54:00","FM-15","223","10.0",,,"36"
"USW00024127","2026-02-01T13:54:00","FM-15","223","10.0",,,"48"
"USW00024127","2026-02-01T14:00:00","FM-12","223","10.0",,,"48"
"USW00024127","2026-02-01T14:54:00","FM-15","223","10.6",,,"46"
"USW00024127","2026-02-01T15:54:00","FM-15","223","8.3",,,"52"
"USW00024127","2026-02-01T16:54:00","FM-15","223","6.7",,,"49"
"USW00024127","2026-02-01T17:00:00","FM-12","223","6.7",,,"49"
"USW00024127","2026-02-01T17:54:00","FM-15","223","6.1",,,"56"
"USW00024127","2026-02-01T18:54:00","FM-15","223","3.3",,,"73"
"USW00024127","2026-02-01T19:54:00","FM-15","223","4.4",,,"65"
"USW00024127","2026-02-01T20:00:00","FM-12","223","4.4",,,"65"
"USW00024127","2026-02-01T20:54:00","FM-15","223","2.2",,,"73"
"USW00024127","2026-02-01T21:54:00","FM-15","223","3.3",,,"65"
"USW00024127","2026-02-01T22:54:00","FM-15","223","2.8",,,"70"
"USW00024127","2026-02-01T23:00:00","FM-12","223","2.8",,,"70"
"USW00024127","2026-02-01T23:54:00","FM-15","223","0.6",,,"78"
